feature,ks_statistic,ks_pvalue,ks_drift,wasserstein_dist,wasserstein_drift,ref_mean,inc_mean,mean_shift
mfcc_0,0.043403,0.768393,False,6.583337,True,-724.9602,-725.1321,0.1719
mfcc_1,0.028646,0.990053,False,0.8129,True,47.027,46.9058,0.1212
mfcc_2,0.040799,0.82888,False,0.503127,True,-2.358,-2.4751,0.1172
mfcc_3,0.047743,0.659295,False,0.750225,True,11.8449,11.207,0.6378
mfcc_4,0.046007,0.703607,False,0.431376,True,-3.1811,-3.4086,0.2275
mfcc_5,0.076389,0.131766,False,0.757629,True,-2.8736,-3.5502,0.6765
mfcc_6,0.051215,0.570906,False,0.442214,True,-8.1485,-8.5141,0.3656
mfcc_7,0.092882,0.036092,True,0.812812,True,-6.31,-5.9716,0.3384
mfcc_8,0.048611,0.637059,False,0.301079,True,-3.0978,-3.2942,0.1965
mfcc_9,0.039931,0.847619,False,0.174641,True,-2.113,-2.2073,0.0943
mfcc_10,0.042535,0.789166,False,0.334244,True,-5.0411,-5.1189,0.0778
mfcc_11,0.056424,0.4461,False,0.235567,True,-0.7613,-0.8788,0.1175
mfcc_12,0.039062,0.865482,False,0.204279,True,-2.8081,-2.8395,0.0314
mfcc_13,0.067708,0.235121,False,0.469278,True,-0.7545,-0.3503,0.4042
mfcc_14,0.038194,0.882376,False,0.240217,True,-3.7985,-3.9429,0.1444
mfcc_15,0.063368,0.305572,False,0.35309,True,-1.7466,-1.4229,0.3237
mfcc_16,0.059028,0.389502,False,0.281329,True,-2.0797,-1.8888,0.1909
mfcc_17,0.049479,0.61487,False,0.240626,True,-0.4865,-0.2796,0.2069
mfcc_18,0.055556,0.46592,False,0.269151,True,-2.259,-2.0856,0.1734
mfcc_19,0.029514,0.986107,False,0.17359,True,-0.2913,-0.1835,0.1078
mfcc_20,0.032118,0.967897,False,0.127886,True,-2.0744,-2.0825,0.0081
mfcc_21,0.037326,0.898215,False,0.230982,True,0.241,0.0797,0.1613
mfcc_22,0.059028,0.389502,False,0.202744,True,-0.6429,-0.801,0.1581
mfcc_23,0.033854,0.949718,False,0.179769,True,1.1489,0.9887,0.1603
mfcc_24,0.065104,0.275783,False,0.220396,True,-0.6482,-0.7938,0.1457
mfcc_25,0.033854,0.949718,False,0.114882,True,1.6447,1.6554,0.0107
mfcc_26,0.046007,0.703607,False,0.195625,True,-0.1257,-0.2476,0.122
mfcc_27,0.044271,0.747144,False,0.144899,True,1.908,1.9128,0.0048
mfcc_28,0.040799,0.82888,False,0.15054,True,0.0675,0.0951,0.0276
mfcc_29,0.033854,0.949718,False,0.124742,True,1.6985,1.7167,0.0183
mfcc_30,0.043403,0.768393,False,0.151064,True,0.0153,-0.0164,0.0317
mfcc_31,0.033854,0.949718,False,0.141639,True,1.6979,1.8219,0.124
mfcc_32,0.037326,0.898215,False,0.103335,True,0.3019,0.3497,0.0478
mfcc_33,0.043403,0.768393,False,0.110339,True,1.3326,1.3255,0.0071
mfcc_34,0.039931,0.847619,False,0.103289,True,-0.608,-0.6477,0.0398
mfcc_35,0.021701,0.999872,False,0.080135,False,0.9292,0.9601,0.0309
mfcc_36,0.045139,0.725517,False,0.110755,True,-0.2983,-0.2319,0.0663
mfcc_37,0.070312,0.199127,False,0.117812,True,1.1924,1.2798,0.0874
mfcc_38,0.03125,0.975117,False,0.077373,False,-0.3954,-0.3803,0.0151
mfcc_39,0.072917,0.167547,False,0.100183,True,0.4639,0.4004,0.0635
mfcc_40,0.065972,0.261698,False,1.500271,True,173.5081,174.1793,0.6712
mfcc_41,0.052951,0.52788,False,0.688446,True,55.3918,55.2332,0.1585
mfcc_42,0.032986,0.959442,False,0.288341,True,29.0788,28.8924,0.1865
mfcc_43,0.085938,0.064211,False,0.438629,True,23.0237,23.4568,0.4331
mfcc_44,0.03125,0.975117,False,0.272041,True,21.7858,21.6823,0.1035
mfcc_45,0.075521,0.140071,False,0.369786,True,16.3103,16.6167,0.3064
mfcc_46,0.078125,0.116357,False,0.34071,True,16.7466,17.0439,0.2973
mfcc_47,0.042535,0.789166,False,0.176781,True,14.5318,14.5758,0.044
mfcc_48,0.091146,0.041859,True,0.362232,True,13.1186,13.4142,0.2956
mfcc_49,0.042535,0.789166,False,0.139339,True,11.7601,11.7435,0.0166
mfcc_50,0.048611,0.637059,False,0.18317,True,12.292,12.336,0.0441
mfcc_51,0.044271,0.747144,False,0.121993,True,10.8257,10.8905,0.0649
mfcc_52,0.065972,0.261698,False,0.317176,True,11.0929,11.2728,0.1799
mfcc_53,0.037326,0.898215,False,0.135418,True,9.7308,9.8144,0.0836
mfcc_54,0.059896,0.371649,False,0.304655,True,10.9376,11.0965,0.1589
mfcc_55,0.044271,0.747144,False,0.164792,True,9.8925,9.9843,0.0919
mfcc_56,0.046875,0.681504,False,0.155665,True,9.8895,10.0154,0.1259
mfcc_57,0.046007,0.703607,False,0.256958,True,9.2542,9.5052,0.251
mfcc_58,0.073785,0.157949,False,0.248407,True,9.8931,10.0733,0.1802
mfcc_59,0.057292,0.426744,False,0.271384,True,9.1633,9.424,0.2606
mfcc_60,0.065972,0.261698,False,0.210629,True,9.7792,9.9048,0.1255
mfcc_61,0.059028,0.389502,False,0.251919,True,9.2132,9.3044,0.0912
mfcc_62,0.057292,0.426744,False,0.26517,True,9.1057,8.904,0.2017
mfcc_63,0.061632,0.337532,False,0.278338,True,8.9266,8.7192,0.2074
mfcc_64,0.042535,0.789166,False,0.187138,True,9.1023,8.9765,0.1258
mfcc_65,0.055556,0.46592,False,0.222318,True,8.6302,8.562,0.0683
mfcc_66,0.039062,0.865482,False,0.142602,True,8.7074,8.7593,0.0519
mfcc_67,0.034722,0.938715,False,0.119253,True,8.352,8.4194,0.0674
mfcc_68,0.037326,0.898215,False,0.126503,True,8.2784,8.2846,0.0062
mfcc_69,0.057292,0.426744,False,0.162236,True,7.9558,8.0549,0.099
mfcc_70,0.06684,0.248146,False,0.184637,True,7.7064,7.8704,0.164
mfcc_71,0.044271,0.747144,False,0.178283,True,7.18,7.3015,0.1215
mfcc_72,0.039062,0.865482,False,0.111396,True,6.7247,6.7833,0.0586
mfcc_73,0.044271,0.747144,False,0.106853,True,6.5008,6.5798,0.079
mfcc_74,0.065972,0.261698,False,0.094614,False,6.6455,6.6948,0.0493
mfcc_75,0.059896,0.371649,False,0.1024,True,6.3357,6.4002,0.0644
mfcc_76,0.054688,0.486178,False,0.146079,True,6.2807,6.3716,0.0909
mfcc_77,0.050347,0.592799,False,0.121492,True,6.0321,6.139,0.107
mfcc_78,0.045139,0.725517,False,0.0943,False,5.8646,5.8836,0.019
mfcc_79,0.056424,0.4461,False,0.097177,False,5.5254,5.496,0.0294
mfcc_80,0.045139,0.725517,False,0.00743,False,0.0146,0.0157,0.001
mfcc_81,0.045139,0.725517,False,0.0032,False,0.0166,0.0168,0.0002
mfcc_82,0.060764,0.354323,False,0.002857,False,0.0079,0.0102,0.0022
mfcc_83,0.059028,0.389502,False,0.002715,False,0.0039,0.0037,0.0002
mfcc_84,0.048611,0.637059,False,0.002191,False,0.0043,0.0034,0.0009
mfcc_85,0.053819,0.506843,False,0.001771,False,0.003,0.0033,0.0003
mfcc_86,0.079861,0.10246,False,0.002547,False,0.002,0.004,0.002
mfcc_87,0.069444,0.21062,False,0.002224,False,0.0008,0.0027,0.0019
mfcc_88,0.084201,0.073641,False,0.002332,False,0.001,0.0024,0.0014
mfcc_89,0.078993,0.109226,False,0.002341,False,1e-04,0.0024,0.0023
mfcc_90,0.065104,0.275783,False,0.001524,False,0.0007,0.0018,0.0011
mfcc_91,0.067708,0.235121,False,0.001603,False,1e-04,0.0014,0.0013
mfcc_92,0.065972,0.261698,False,0.001285,False,0.0004,0.0015,0.0011
mfcc_93,0.0625,0.321281,False,0.001456,False,0.0009,0.0017,0.0008
mfcc_94,0.053819,0.506843,False,0.001344,False,0.0002,0.0006,0.0004
mfcc_95,0.047743,0.659295,False,0.000687,False,0.0005,0.001,0.0005
mfcc_96,0.048611,0.637059,False,0.000752,False,0.0003,-0.0002,0.0005
mfcc_97,0.034722,0.938715,False,0.00054,False,0.0007,0.001,0.0002
mfcc_98,0.046007,0.703607,False,0.000842,False,0.0009,0.0013,0.0003
mfcc_99,0.032118,0.967897,False,0.000853,False,0.0006,0.0006,1e-04
mfcc_100,0.021701,0.999872,False,0.000621,False,-1e-04,0.0002,0.0003
mfcc_101,0.039062,0.865482,False,0.000914,False,-0.0002,0.0004,0.0006
mfcc_102,0.042535,0.789166,False,0.000845,False,0.0003,0.0009,0.0006
mfcc_103,0.046007,0.703607,False,0.000722,False,0.0007,0.0014,0.0007
mfcc_104,0.064236,0.290407,False,0.001047,False,0.0007,0.0,0.0006
mfcc_105,0.085069,0.068789,False,0.001574,False,0.0004,-0.0012,0.0016
mfcc_106,0.059028,0.389502,False,0.000757,False,0.0006,0.0002,0.0005
mfcc_107,0.059028,0.389502,False,0.000886,False,0.0003,0.0012,0.0009
mfcc_108,0.059028,0.389502,False,0.00054,False,0.0002,0.0004,1e-04
mfcc_109,0.063368,0.305572,False,0.000581,False,0.0006,0.0002,0.0004
mfcc_110,0.054688,0.486178,False,0.000579,False,0.0009,0.0003,0.0006
mfcc_111,0.043403,0.768393,False,0.000387,False,0.0007,0.0006,1e-04
mfcc_112,0.044271,0.747144,False,0.000434,False,0.0006,0.0006,0.0
mfcc_113,0.041667,0.809362,False,0.000432,False,0.0007,0.0005,0.0002
mfcc_114,0.042535,0.789166,False,0.000765,False,0.0004,0.0006,1e-04
mfcc_115,0.053819,0.506843,False,0.000528,False,0.0006,0.001,0.0004
mfcc_116,0.061632,0.337532,False,0.000385,False,0.0005,0.0006,1e-04
mfcc_117,0.076389,0.131766,False,0.000597,False,1e-04,0.0006,0.0005
mfcc_118,0.085938,0.064211,False,0.000715,False,-0.0002,0.0005,0.0007
mfcc_119,0.063368,0.305572,False,0.000502,False,0.0,0.0003,0.0003
mfcc_120,0.033854,0.949718,False,0.086117,False,12.5552,12.5454,0.0098
mfcc_121,0.041667,0.809362,False,0.049714,False,6.0781,6.0989,0.0208
mfcc_122,0.051215,0.570906,False,0.056191,False,4.4582,4.4126,0.0456
mfcc_123,0.076389,0.131766,False,0.048506,False,2.9858,3.033,0.0472
mfcc_124,0.029514,0.986107,False,0.020137,False,2.9034,2.9098,0.0064
mfcc_125,0.099826,0.019397,True,0.040703,False,2.2115,2.242,0.0305
mfcc_126,0.065104,0.275783,False,0.036684,False,2.2269,2.247,0.0201
mfcc_127,0.033854,0.949718,False,0.01987,False,1.9579,1.9488,0.009
mfcc_128,0.048611,0.637059,False,0.01696,False,1.6533,1.6629,0.0097
mfcc_129,0.041667,0.809362,False,0.019994,False,1.5938,1.5742,0.0196
mfcc_130,0.036458,0.912924,False,0.019452,False,1.5299,1.5264,0.0034
mfcc_131,0.078125,0.116357,False,0.038706,False,1.501,1.5349,0.0339
mfcc_132,0.044271,0.747144,False,0.027815,False,1.4336,1.4379,0.0043
mfcc_133,0.087674,0.055833,False,0.030571,False,1.3942,1.4173,0.0231
mfcc_134,0.047743,0.659295,False,0.028725,False,1.3664,1.3935,0.0271
mfcc_135,0.043403,0.768393,False,0.03766,False,1.3478,1.3771,0.0293
mfcc_136,0.06684,0.248146,False,0.042043,False,1.3463,1.3865,0.0403
mfcc_137,0.052951,0.52788,False,0.044391,False,1.3291,1.3731,0.044
mfcc_138,0.063368,0.305572,False,0.036109,False,1.3408,1.3716,0.0308
mfcc_139,0.065104,0.275783,False,0.04495,False,1.3408,1.3807,0.0399
mfcc_140,0.048611,0.637059,False,0.021824,False,1.3726,1.3889,0.0164
mfcc_141,0.046875,0.681504,False,0.026704,False,1.3565,1.3521,0.0044
mfcc_142,0.056424,0.4461,False,0.036682,False,1.3517,1.3165,0.0352
mfcc_143,0.061632,0.337532,False,0.027975,False,1.325,1.3126,0.0124
mfcc_144,0.061632,0.337532,False,0.037448,False,1.3311,1.3025,0.0286
mfcc_145,0.040799,0.82888,False,0.03585,False,1.3042,1.2854,0.0188
mfcc_146,0.046007,0.703607,False,0.024152,False,1.3013,1.3048,0.0035
mfcc_147,0.039931,0.847619,False,0.024137,False,1.2807,1.3028,0.0222
mfcc_148,0.068576,0.222615,False,0.025528,False,1.2719,1.2635,0.0084
mfcc_149,0.038194,0.882376,False,0.026001,False,1.2368,1.2512,0.0144
mfcc_150,0.045139,0.725517,False,0.019593,False,1.184,1.1989,0.0149
mfcc_151,0.052083,0.54925,False,0.01987,False,1.1277,1.1392,0.0115
mfcc_152,0.039931,0.847619,False,0.010941,False,1.0644,1.062,0.0024
mfcc_153,0.042535,0.789166,False,0.018362,False,1.0347,1.0492,0.0145
mfcc_154,0.052083,0.54925,False,0.017999,False,1.041,1.0561,0.0151
mfcc_155,0.036458,0.912924,False,0.013377,False,1.0185,1.0248,0.0063
mfcc_156,0.056424,0.4461,False,0.02534,False,0.9951,1.0196,0.0245
mfcc_157,0.065972,0.261698,False,0.025541,False,0.9661,0.99,0.0239
mfcc_158,0.043403,0.768393,False,0.011997,False,0.9392,0.9481,0.0088
mfcc_159,0.065104,0.275783,False,0.018921,False,0.8882,0.8835,0.0047
mfcc_160,0.046007,0.703607,False,0.002998,False,0.002,0.0029,0.0009
mfcc_161,0.071181,0.188124,False,0.00198,False,0.0033,0.0024,0.0009
mfcc_162,0.046875,0.681504,False,0.001008,False,0.001,0.0015,0.0004
mfcc_163,0.056424,0.4461,False,0.000883,False,-1e-04,0.0007,0.0008
mfcc_164,0.052951,0.52788,False,0.000814,False,-0.0004,1e-04,0.0005
mfcc_165,0.080729,0.096045,False,0.001001,False,-0.0004,0.0004,0.0008
mfcc_166,0.071181,0.188124,False,0.000995,False,-0.0004,0.0005,0.0008
mfcc_167,0.070312,0.199127,False,0.000677,False,-0.0005,-1e-04,0.0004
mfcc_168,0.048611,0.637059,False,0.000885,False,-0.0007,-0.0009,0.0002
mfcc_169,0.070312,0.199127,False,0.00077,False,-0.001,-0.0005,0.0005
mfcc_170,0.057292,0.426744,False,0.000656,False,-0.0012,-0.0006,0.0006
mfcc_171,0.048611,0.637059,False,0.000644,False,-0.0014,-0.0008,0.0005
mfcc_172,0.036458,0.912924,False,0.000522,False,-0.0013,-0.0009,0.0004
mfcc_173,0.048611,0.637059,False,0.000542,False,-0.0012,-0.0009,0.0003
mfcc_174,0.056424,0.4461,False,0.000592,False,-0.0012,-0.0008,0.0004
mfcc_175,0.049479,0.61487,False,0.000503,False,-0.0011,-0.0011,0.0
mfcc_176,0.048611,0.637059,False,0.000511,False,-0.001,-0.0007,0.0003
mfcc_177,0.046007,0.703607,False,0.000654,False,-0.001,-0.0004,0.0006
mfcc_178,0.033854,0.949718,False,0.000393,False,-0.001,-0.0007,0.0002
mfcc_179,0.044271,0.747144,False,0.000418,False,-0.0012,-0.0008,0.0003
mfcc_180,0.060764,0.354323,False,0.000534,False,-0.0008,-0.0011,0.0002
mfcc_181,0.064236,0.290407,False,0.000421,False,-0.0006,-0.0009,0.0002
mfcc_182,0.033854,0.949718,False,0.000439,False,-0.0007,-0.0008,0.0
mfcc_183,0.06684,0.248146,False,0.000499,False,-0.0008,-0.0009,0.0
mfcc_184,0.049479,0.61487,False,0.000656,False,-0.0006,-0.0005,1e-04
mfcc_185,0.045139,0.725517,False,0.00044,False,-0.0008,-0.0009,1e-04
mfcc_186,0.067708,0.235121,False,0.000326,False,-0.0009,-0.0011,0.0002
mfcc_187,0.041667,0.809362,False,0.000457,False,-0.0009,-0.0007,0.0002
mfcc_188,0.03125,0.975117,False,0.000384,False,-0.0007,-0.0005,0.0002
mfcc_189,0.070312,0.199127,False,0.000381,False,-0.0009,-0.001,1e-04
mfcc_190,0.044271,0.747144,False,0.000392,False,-0.0008,-0.0006,0.0002
mfcc_191,0.053819,0.506843,False,0.000587,False,-0.0007,-0.0004,0.0003
mfcc_192,0.050347,0.592799,False,0.000455,False,-0.0007,-0.0004,0.0003
mfcc_193,0.0625,0.321281,False,0.000353,False,-0.0007,-0.0006,1e-04
mfcc_194,0.076389,0.131766,False,0.000492,False,-0.0004,-0.0006,1e-04
mfcc_195,0.044271,0.747144,False,0.000344,False,-0.0006,-0.0004,0.0002
mfcc_196,0.078125,0.116357,False,0.00035,False,-0.0002,-0.0004,0.0002
mfcc_197,0.028646,0.990053,False,0.000241,False,-1e-04,-0.0002,0.0
mfcc_198,0.041667,0.809362,False,0.000236,False,1e-04,-1e-04,0.0002
mfcc_199,0.030382,0.981161,False,0.000224,False,-1e-04,-1e-04,1e-04
mfcc_200,0.049479,0.61487,False,0.052611,False,5.6551,5.6739,0.0188
mfcc_201,0.039931,0.847619,False,0.02202,False,2.851,2.8621,0.0111
mfcc_202,0.059028,0.389502,False,0.024114,False,1.9949,1.9725,0.0224
mfcc_203,0.051215,0.570906,False,0.009865,False,1.3639,1.3703,0.0064
mfcc_204,0.039931,0.847619,False,0.00887,False,1.3009,1.3033,0.0024
mfcc_205,0.087674,0.055833,False,0.020142,False,1.1309,1.148,0.0171
mfcc_206,0.054688,0.486178,False,0.011164,False,1.1831,1.1914,0.0083
mfcc_207,0.037326,0.898215,False,0.008462,False,1.0628,1.0582,0.0046
mfcc_208,0.040799,0.82888,False,0.008806,False,0.8977,0.9028,0.0051
mfcc_209,0.057292,0.426744,False,0.012573,False,0.8785,0.8662,0.0122
mfcc_210,0.043403,0.768393,False,0.009452,False,0.8738,0.8691,0.0047
mfcc_211,0.05816,0.407872,False,0.010844,False,0.8704,0.8766,0.0061
mfcc_212,0.044271,0.747144,False,0.011922,False,0.8384,0.8366,0.0017
mfcc_213,0.108507,0.008379,True,0.018893,False,0.8166,0.8306,0.0139
mfcc_214,0.059896,0.371649,False,0.010958,False,0.806,0.816,0.0101
mfcc_215,0.069444,0.21062,False,0.022112,False,0.8073,0.8243,0.017
mfcc_216,0.086806,0.059897,False,0.021974,False,0.8028,0.8242,0.0214
mfcc_217,0.085069,0.068789,False,0.024954,False,0.7962,0.8169,0.0207
mfcc_218,0.06684,0.248146,False,0.022586,False,0.804,0.8245,0.0205
mfcc_219,0.05816,0.407872,False,0.024575,False,0.8034,0.8263,0.0229
mfcc_220,0.033854,0.949718,False,0.009032,False,0.8168,0.8189,0.0021
mfcc_221,0.046007,0.703607,False,0.010788,False,0.8129,0.8143,0.0014
mfcc_222,0.059896,0.371649,False,0.014355,False,0.8171,0.8038,0.0133
mfcc_223,0.040799,0.82888,False,0.011217,False,0.8033,0.7962,0.0071
mfcc_224,0.060764,0.354323,False,0.018983,False,0.8033,0.7903,0.013
mfcc_225,0.055556,0.46592,False,0.019119,False,0.7926,0.7797,0.013
mfcc_226,0.046875,0.681504,False,0.012621,False,0.797,0.7917,0.0052
mfcc_227,0.069444,0.21062,False,0.012952,False,0.7946,0.8002,0.0056
mfcc_228,0.075521,0.140071,False,0.019234,False,0.7917,0.7782,0.0134
mfcc_229,0.045139,0.725517,False,0.010934,False,0.7754,0.7758,0.0003
mfcc_230,0.043403,0.768393,False,0.01199,False,0.7472,0.7514,0.0042
mfcc_231,0.041667,0.809362,False,0.008136,False,0.7137,0.7212,0.0075
mfcc_232,0.03559,0.92644,False,0.005901,False,0.6855,0.6882,0.0026
mfcc_233,0.054688,0.486178,False,0.01257,False,0.6755,0.6843,0.0088
mfcc_234,0.054688,0.486178,False,0.008647,False,0.6832,0.6877,0.0046
mfcc_235,0.040799,0.82888,False,0.007183,False,0.6717,0.6688,0.0029
mfcc_236,0.06684,0.248146,False,0.012665,False,0.6684,0.6773,0.009
mfcc_237,0.052083,0.54925,False,0.010265,False,0.6482,0.6582,0.01
mfcc_238,0.068576,0.222615,False,0.011746,False,0.6347,0.6445,0.0098
mfcc_239,0.047743,0.659295,False,0.008287,False,0.609,0.6143,0.0053
