timestamp,scenario,true,predicted,correct
2026-06-06 20:20:41,baseline,fearful,surprised,False
2026-06-06 20:20:41,baseline,calm,calm,True
2026-06-06 20:20:41,baseline,sad,sad,True
2026-06-06 20:20:41,baseline,surprised,surprised,True
2026-06-06 20:20:41,baseline,calm,happy,False
2026-06-06 20:20:41,baseline,disgust,disgust,True
2026-06-06 20:20:41,baseline,calm,neutral,False
2026-06-06 20:20:41,baseline,fearful,fearful,True
2026-06-06 20:20:41,baseline,angry,disgust,False
2026-06-06 20:20:41,baseline,happy,fearful,False
2026-06-06 20:20:41,baseline,neutral,disgust,False
2026-06-06 20:20:41,baseline,happy,calm,False
2026-06-06 20:20:41,baseline,surprised,surprised,True
2026-06-06 20:20:41,baseline,surprised,surprised,True
2026-06-06 20:20:41,baseline,calm,calm,True
2026-06-06 20:20:41,baseline,fearful,fearful,True
2026-06-06 20:20:41,baseline,calm,calm,True
2026-06-06 20:20:41,baseline,happy,disgust,False
2026-06-06 20:20:41,baseline,fearful,fearful,True
2026-06-06 20:20:41,baseline,happy,happy,True
2026-06-06 20:20:41,baseline,disgust,calm,False
2026-06-06 20:20:41,baseline,angry,angry,True
2026-06-06 20:20:41,baseline,calm,calm,True
2026-06-06 20:20:41,baseline,sad,happy,False
2026-06-06 20:20:41,baseline,angry,angry,True
2026-06-06 20:20:41,baseline,surprised,surprised,True
2026-06-06 20:20:41,baseline,disgust,disgust,True
2026-06-06 20:20:41,baseline,calm,calm,True
2026-06-06 20:20:41,baseline,happy,happy,True
2026-06-06 20:20:41,baseline,fearful,fearful,True
2026-06-06 20:20:41,baseline,disgust,surprised,False
2026-06-06 20:20:41,baseline,angry,angry,True
2026-06-06 20:20:41,baseline,calm,calm,True
2026-06-06 20:20:41,baseline,fearful,fearful,True
2026-06-06 20:20:41,baseline,surprised,surprised,True
2026-06-06 20:20:41,baseline,sad,happy,False
2026-06-06 20:20:41,baseline,neutral,happy,False
2026-06-06 20:20:41,baseline,happy,happy,True
2026-06-06 20:20:41,baseline,disgust,sad,False
2026-06-06 20:20:41,baseline,angry,angry,True
2026-06-06 20:20:41,baseline,neutral,calm,False
2026-06-06 20:20:41,baseline,sad,fearful,False
2026-06-06 20:20:41,baseline,sad,sad,True
2026-06-06 20:20:41,baseline,neutral,surprised,False
2026-06-06 20:20:41,baseline,happy,happy,True
2026-06-06 20:20:41,baseline,neutral,calm,False
2026-06-06 20:20:41,baseline,calm,calm,True
2026-06-06 20:20:41,baseline,surprised,fearful,False
2026-06-06 20:20:41,baseline,angry,angry,True
2026-06-06 20:20:41,baseline,angry,angry,True
2026-06-06 20:20:41,baseline,happy,fearful,False
2026-06-06 20:20:41,baseline,sad,happy,False
2026-06-06 20:20:41,baseline,neutral,neutral,True
2026-06-06 20:20:41,baseline,fearful,sad,False
2026-06-06 20:20:41,baseline,angry,angry,True
2026-06-06 20:20:41,baseline,calm,calm,True
2026-06-06 20:20:41,baseline,disgust,happy,False
2026-06-06 20:20:41,baseline,fearful,happy,False
2026-06-06 20:20:41,baseline,surprised,surprised,True
2026-06-06 20:20:41,baseline,calm,calm,True
2026-06-06 20:20:41,baseline,fearful,fearful,True
2026-06-06 20:20:41,baseline,calm,calm,True
2026-06-06 20:20:41,baseline,happy,happy,True
2026-06-06 20:20:41,baseline,disgust,angry,False
2026-06-06 20:20:41,baseline,calm,calm,True
2026-06-06 20:20:41,baseline,calm,calm,True
2026-06-06 20:20:41,baseline,fearful,happy,False
2026-06-06 20:20:41,baseline,disgust,angry,False
2026-06-06 20:20:41,baseline,calm,calm,True
2026-06-06 20:20:41,baseline,angry,angry,True
2026-06-06 20:20:41,baseline,angry,angry,True
2026-06-06 20:20:41,baseline,calm,calm,True
2026-06-06 20:20:41,baseline,disgust,calm,False
2026-06-06 20:20:41,baseline,surprised,surprised,True
2026-06-06 20:20:41,baseline,happy,happy,True
2026-06-06 20:20:41,baseline,fearful,fearful,True
2026-06-06 20:20:41,baseline,happy,surprised,False
2026-06-06 20:20:41,baseline,neutral,neutral,True
2026-06-06 20:20:41,baseline,fearful,fearful,True
2026-06-06 20:20:41,baseline,neutral,disgust,False
2026-06-06 20:20:41,baseline,happy,fearful,False
2026-06-06 20:20:41,baseline,disgust,happy,False
2026-06-06 20:20:41,baseline,angry,angry,True
2026-06-06 20:20:41,baseline,neutral,neutral,True
2026-06-06 20:20:41,baseline,disgust,disgust,True
2026-06-06 20:20:41,baseline,happy,happy,True
2026-06-06 20:20:41,baseline,fearful,sad,False
2026-06-06 20:20:41,baseline,neutral,neutral,True
2026-06-06 20:20:41,baseline,disgust,calm,False
2026-06-06 20:20:41,baseline,disgust,angry,False
2026-06-06 20:20:41,baseline,fearful,calm,False
2026-06-06 20:20:41,baseline,neutral,disgust,False
2026-06-06 20:20:41,baseline,surprised,surprised,True
2026-06-06 20:20:41,baseline,calm,calm,True
2026-06-06 20:20:41,baseline,calm,calm,True
2026-06-06 20:20:41,baseline,surprised,surprised,True
2026-06-06 20:20:41,baseline,neutral,disgust,False
2026-06-06 20:20:41,baseline,disgust,disgust,True
2026-06-06 20:20:41,baseline,neutral,neutral,True
2026-06-06 20:20:41,baseline,fearful,fearful,True
2026-06-06 20:22:58,baseline,happy,disgust,False
2026-06-06 20:22:58,baseline,calm,calm,True
2026-06-06 20:22:58,baseline,calm,calm,True
2026-06-06 20:22:58,baseline,happy,happy,True
2026-06-06 20:22:58,baseline,disgust,angry,False
2026-06-06 20:22:58,baseline,fearful,happy,False
2026-06-06 20:22:58,baseline,disgust,neutral,False
2026-06-06 20:22:58,baseline,surprised,surprised,True
2026-06-06 20:22:58,baseline,disgust,calm,False
2026-06-06 20:22:58,baseline,happy,happy,True
2026-06-06 20:22:58,baseline,happy,fearful,False
2026-06-06 20:22:58,baseline,fearful,fearful,True
2026-06-06 20:22:58,baseline,fearful,fearful,True
2026-06-06 20:22:58,baseline,neutral,calm,False
2026-06-06 20:22:58,baseline,fearful,sad,False
2026-06-06 20:22:58,baseline,calm,calm,True
2026-06-06 20:22:58,baseline,fearful,happy,False
2026-06-06 20:22:58,baseline,surprised,surprised,True
2026-06-06 20:22:58,baseline,fearful,fearful,True
2026-06-06 20:22:58,baseline,calm,calm,True
2026-06-06 20:22:58,baseline,sad,sad,True
2026-06-06 20:22:58,baseline,calm,calm,True
2026-06-06 20:22:58,baseline,angry,angry,True
2026-06-06 20:22:58,baseline,happy,happy,True
2026-06-06 20:22:58,baseline,fearful,disgust,False
2026-06-06 20:22:58,baseline,sad,happy,False
2026-06-06 20:22:58,baseline,sad,fearful,False
2026-06-06 20:22:58,baseline,happy,happy,True
2026-06-06 20:22:58,baseline,disgust,sad,False
2026-06-06 20:22:58,baseline,happy,happy,True
2026-06-06 20:22:58,baseline,fearful,fearful,True
2026-06-06 20:22:58,baseline,fearful,happy,False
2026-06-06 20:22:58,baseline,angry,surprised,False
2026-06-06 20:22:58,baseline,happy,happy,True
2026-06-06 20:22:58,baseline,disgust,disgust,True
2026-06-06 20:22:58,baseline,surprised,surprised,True
2026-06-06 20:22:58,baseline,surprised,surprised,True
2026-06-06 20:22:58,baseline,neutral,disgust,False
2026-06-06 20:22:58,baseline,surprised,surprised,True
2026-06-06 20:22:58,baseline,disgust,surprised,False
2026-06-06 20:22:58,baseline,angry,fearful,False
2026-06-06 20:22:58,baseline,angry,angry,True
2026-06-06 20:22:58,baseline,fearful,fearful,True
2026-06-06 20:22:58,baseline,sad,sad,True
2026-06-06 20:22:58,baseline,disgust,angry,False
2026-06-06 20:22:58,baseline,sad,fearful,False
2026-06-06 20:22:58,baseline,angry,angry,True
2026-06-06 20:22:58,baseline,calm,disgust,False
2026-06-06 20:22:58,baseline,calm,calm,True
2026-06-06 20:22:58,baseline,angry,angry,True
2026-06-06 20:22:58,baseline,angry,angry,True
2026-06-06 20:22:58,baseline,neutral,happy,False
2026-06-06 20:22:58,baseline,calm,calm,True
2026-06-06 20:22:58,baseline,angry,sad,False
2026-06-06 20:22:58,baseline,sad,calm,False
2026-06-06 20:22:58,baseline,calm,neutral,False
2026-06-06 20:22:58,baseline,happy,happy,True
2026-06-06 20:22:58,baseline,neutral,neutral,True
2026-06-06 20:22:58,baseline,happy,surprised,False
2026-06-06 20:22:58,baseline,happy,fearful,False
2026-06-06 20:22:58,baseline,sad,sad,True
2026-06-06 20:22:58,baseline,disgust,disgust,True
2026-06-06 20:22:58,baseline,happy,happy,True
2026-06-06 20:22:58,baseline,angry,angry,True
2026-06-06 20:22:58,baseline,happy,fearful,False
2026-06-06 20:22:58,baseline,fearful,sad,False
2026-06-06 20:22:58,baseline,surprised,fearful,False
2026-06-06 20:22:58,baseline,angry,angry,True
2026-06-06 20:22:58,baseline,happy,fearful,False
2026-06-06 20:22:58,baseline,surprised,surprised,True
2026-06-06 20:22:58,baseline,surprised,surprised,True
2026-06-06 20:22:58,baseline,calm,calm,True
2026-06-06 20:22:58,baseline,sad,sad,True
2026-06-06 20:22:58,baseline,sad,fearful,False
2026-06-06 20:22:58,baseline,calm,calm,True
2026-06-06 20:22:58,baseline,neutral,calm,False
2026-06-06 20:22:58,baseline,angry,happy,False
2026-06-06 20:22:58,baseline,happy,happy,True
2026-06-06 20:22:58,baseline,fearful,fearful,True
2026-06-06 20:22:58,baseline,angry,angry,True
2026-06-06 20:22:58,baseline,happy,happy,True
2026-06-06 20:22:58,baseline,disgust,disgust,True
2026-06-06 20:22:58,baseline,angry,angry,True
2026-06-06 20:22:58,baseline,surprised,surprised,True
2026-06-06 20:22:58,baseline,angry,angry,True
2026-06-06 20:22:58,baseline,sad,calm,False
2026-06-06 20:22:58,baseline,happy,fearful,False
2026-06-06 20:22:58,baseline,neutral,disgust,False
2026-06-06 20:22:58,baseline,angry,surprised,False
2026-06-06 20:22:58,baseline,neutral,disgust,False
2026-06-06 20:22:58,baseline,angry,angry,True
2026-06-06 20:22:58,baseline,disgust,angry,False
2026-06-06 20:22:58,baseline,disgust,happy,False
2026-06-06 20:22:58,baseline,neutral,surprised,False
2026-06-06 20:22:58,baseline,sad,sad,True
2026-06-06 20:22:58,baseline,calm,calm,True
2026-06-06 20:22:58,baseline,sad,happy,False
2026-06-06 20:22:58,baseline,neutral,disgust,False
2026-06-06 20:22:58,baseline,surprised,surprised,True
2026-06-06 20:22:58,baseline,calm,calm,True
2026-06-06 20:22:58,noise,happy,surprised,False
2026-06-06 20:22:58,noise,calm,surprised,False
2026-06-06 20:22:58,noise,calm,happy,False
2026-06-06 20:22:58,noise,happy,surprised,False
2026-06-06 20:22:58,noise,disgust,sad,False
2026-06-06 20:22:58,noise,fearful,sad,False
2026-06-06 20:22:58,noise,disgust,sad,False
2026-06-06 20:22:58,noise,surprised,surprised,True
2026-06-06 20:22:58,noise,disgust,surprised,False
2026-06-06 20:22:58,noise,happy,angry,False
2026-06-06 20:22:58,noise,happy,angry,False
2026-06-06 20:22:58,noise,fearful,disgust,False
2026-06-06 20:22:58,noise,fearful,fearful,True
2026-06-06 20:22:58,noise,neutral,surprised,False
2026-06-06 20:22:58,noise,fearful,neutral,False
2026-06-06 20:22:58,noise,calm,fearful,False
2026-06-06 20:22:58,noise,fearful,happy,False
2026-06-06 20:22:58,noise,surprised,disgust,False
2026-06-06 20:22:58,noise,fearful,fearful,True
2026-06-06 20:22:58,noise,calm,disgust,False
2026-06-06 20:22:58,noise,sad,surprised,False
2026-06-06 20:22:58,noise,calm,disgust,False
2026-06-06 20:22:58,noise,angry,fearful,False
2026-06-06 20:22:58,noise,happy,happy,True
2026-06-06 20:22:58,noise,fearful,disgust,False
2026-06-06 20:22:58,noise,sad,disgust,False
2026-06-06 20:22:58,noise,sad,disgust,False
2026-06-06 20:22:58,noise,happy,happy,True
2026-06-06 20:22:58,noise,disgust,disgust,True
2026-06-06 20:22:58,noise,happy,surprised,False
2026-06-06 20:22:58,noise,fearful,neutral,False
2026-06-06 20:22:58,noise,fearful,sad,False
2026-06-06 20:22:58,noise,angry,disgust,False
2026-06-06 20:22:58,noise,happy,sad,False
2026-06-06 20:22:58,noise,disgust,disgust,True
2026-06-06 20:22:58,noise,surprised,angry,False
2026-06-06 20:22:58,noise,surprised,fearful,False
2026-06-06 20:22:58,noise,neutral,sad,False
2026-06-06 20:22:58,noise,surprised,fearful,False
2026-06-06 20:22:58,noise,disgust,angry,False
2026-06-06 20:22:58,noise,angry,disgust,False
2026-06-06 20:22:58,noise,angry,surprised,False
2026-06-06 20:22:58,noise,fearful,fearful,True
2026-06-06 20:22:58,noise,sad,disgust,False
2026-06-06 20:22:58,noise,disgust,fearful,False
2026-06-06 20:22:58,noise,sad,fearful,False
2026-06-06 20:22:58,noise,angry,happy,False
2026-06-06 20:22:58,noise,calm,happy,False
2026-06-06 20:22:58,noise,calm,disgust,False
2026-06-06 20:22:58,noise,angry,calm,False
2026-06-06 20:22:58,noise,angry,fearful,False
2026-06-06 20:22:58,noise,neutral,disgust,False
2026-06-06 20:22:58,noise,calm,fearful,False
2026-06-06 20:22:58,noise,angry,surprised,False
2026-06-06 20:22:58,noise,sad,disgust,False
2026-06-06 20:22:58,noise,calm,sad,False
2026-06-06 20:22:58,noise,happy,fearful,False
2026-06-06 20:22:58,noise,neutral,angry,False
2026-06-06 20:22:58,noise,happy,disgust,False
2026-06-06 20:22:58,noise,happy,fearful,False
2026-06-06 20:22:58,noise,sad,surprised,False
2026-06-06 20:22:58,noise,disgust,fearful,False
2026-06-06 20:22:58,noise,happy,surprised,False
2026-06-06 20:22:58,noise,angry,fearful,False
2026-06-06 20:22:58,noise,happy,angry,False
2026-06-06 20:22:58,noise,fearful,disgust,False
2026-06-06 20:22:58,noise,surprised,calm,False
2026-06-06 20:22:58,noise,angry,fearful,False
2026-06-06 20:22:58,noise,happy,surprised,False
2026-06-06 20:22:58,noise,surprised,surprised,True
2026-06-06 20:22:58,noise,surprised,surprised,True
2026-06-06 20:22:58,noise,calm,happy,False
2026-06-06 20:22:58,noise,sad,disgust,False
2026-06-06 20:22:58,noise,sad,fearful,False
2026-06-06 20:22:58,noise,calm,neutral,False
2026-06-06 20:22:58,noise,neutral,sad,False
2026-06-06 20:22:58,noise,angry,fearful,False
2026-06-06 20:22:58,noise,happy,angry,False
2026-06-06 20:22:58,noise,fearful,happy,False
2026-06-06 20:22:58,noise,angry,surprised,False
2026-06-06 20:22:58,noise,happy,angry,False
2026-06-06 20:22:58,noise,disgust,surprised,False
2026-06-06 20:22:58,noise,angry,surprised,False
2026-06-06 20:22:58,noise,surprised,sad,False
2026-06-06 20:22:58,noise,angry,sad,False
2026-06-06 20:22:58,noise,sad,happy,False
2026-06-06 20:22:58,noise,happy,disgust,False
2026-06-06 20:22:58,noise,neutral,disgust,False
2026-06-06 20:22:58,noise,angry,disgust,False
2026-06-06 20:22:58,noise,neutral,fearful,False
2026-06-06 20:22:58,noise,angry,calm,False
2026-06-06 20:22:58,noise,disgust,happy,False
2026-06-06 20:22:58,noise,disgust,fearful,False
2026-06-06 20:22:58,noise,neutral,calm,False
2026-06-06 20:22:58,noise,sad,happy,False
2026-06-06 20:22:58,noise,calm,neutral,False
2026-06-06 20:22:58,noise,sad,neutral,False
2026-06-06 20:22:58,noise,neutral,disgust,False
2026-06-06 20:22:58,noise,surprised,happy,False
2026-06-06 20:22:58,noise,calm,sad,False
2026-06-06 20:22:58,speaker_split,neutral,neutral,True
2026-06-06 20:22:58,speaker_split,surprised,surprised,True
2026-06-06 20:22:58,speaker_split,calm,calm,True
2026-06-06 20:22:58,speaker_split,sad,sad,True
2026-06-06 20:22:58,speaker_split,fearful,fearful,True
2026-06-06 20:22:58,speaker_split,fearful,fearful,True
2026-06-06 20:22:58,speaker_split,disgust,disgust,True
2026-06-06 20:22:58,speaker_split,happy,happy,True
2026-06-06 20:22:58,speaker_split,disgust,happy,False
2026-06-06 20:22:58,speaker_split,neutral,neutral,True
2026-06-06 20:22:58,speaker_split,sad,happy,False
2026-06-06 20:22:58,speaker_split,happy,happy,True
2026-06-06 20:22:58,speaker_split,happy,happy,True
2026-06-06 20:22:58,speaker_split,surprised,surprised,True
2026-06-06 20:22:58,speaker_split,fearful,fearful,True
2026-06-06 20:22:58,speaker_split,calm,calm,True
2026-06-06 20:22:58,speaker_split,happy,happy,True
2026-06-06 20:22:58,speaker_split,surprised,surprised,True
2026-06-06 20:22:58,speaker_split,fearful,fearful,True
2026-06-06 20:22:58,speaker_split,calm,calm,True
2026-06-06 20:22:58,speaker_split,surprised,surprised,True
2026-06-06 20:22:58,speaker_split,calm,calm,True
2026-06-06 20:22:58,speaker_split,calm,calm,True
2026-06-06 20:22:58,speaker_split,sad,calm,False
2026-06-06 20:22:58,speaker_split,fearful,fearful,True
2026-06-06 20:22:58,speaker_split,surprised,surprised,True
2026-06-06 20:22:58,speaker_split,angry,angry,True
2026-06-06 20:22:58,speaker_split,happy,happy,True
2026-06-06 20:22:58,speaker_split,disgust,disgust,True
2026-06-06 20:22:58,speaker_split,happy,happy,True
2026-06-06 20:22:58,speaker_split,fearful,fearful,True
2026-06-06 20:22:58,speaker_split,fearful,fearful,True
2026-06-06 20:22:58,speaker_split,angry,angry,True
2026-06-06 20:22:58,speaker_split,sad,sad,True
2026-06-06 20:22:58,speaker_split,fearful,fearful,True
2026-06-06 20:22:58,speaker_split,surprised,surprised,True
2026-06-06 20:22:58,speaker_split,fearful,fearful,True
2026-06-06 20:22:58,speaker_split,neutral,neutral,True
2026-06-06 20:22:58,speaker_split,disgust,disgust,True
2026-06-06 20:22:58,speaker_split,disgust,disgust,True
2026-06-06 20:22:58,speaker_split,angry,angry,True
2026-06-06 20:22:58,speaker_split,surprised,surprised,True
2026-06-06 20:22:58,speaker_split,neutral,neutral,True
2026-06-06 20:22:58,speaker_split,disgust,disgust,True
2026-06-06 20:22:58,speaker_split,fearful,happy,False
2026-06-06 20:22:58,speaker_split,sad,calm,False
2026-06-06 20:22:58,speaker_split,angry,angry,True
2026-06-06 20:22:58,speaker_split,calm,calm,True
2026-06-06 20:22:58,speaker_split,calm,calm,True
2026-06-06 20:22:58,speaker_split,angry,angry,True
2026-06-06 20:22:58,speaker_split,angry,angry,True
2026-06-06 20:22:58,speaker_split,sad,sad,True
2026-06-06 20:22:58,speaker_split,calm,calm,True
2026-06-06 20:22:58,speaker_split,angry,angry,True
2026-06-06 20:22:58,speaker_split,happy,happy,True
2026-06-06 20:22:58,speaker_split,calm,calm,True
2026-06-06 20:22:58,speaker_split,neutral,neutral,True
2026-06-06 20:22:58,speaker_split,sad,sad,True
2026-06-06 20:22:58,speaker_split,sad,sad,True
2026-06-06 20:22:58,speaker_split,surprised,surprised,True
2026-06-06 20:22:58,speaker_split,angry,angry,True
2026-06-06 20:22:58,speaker_split,fearful,fearful,True
2026-06-06 20:22:58,speaker_split,happy,happy,True
2026-06-06 20:22:58,speaker_split,angry,angry,True
2026-06-06 20:22:58,speaker_split,happy,happy,True
2026-06-06 20:22:58,speaker_split,surprised,fearful,False
2026-06-06 20:22:58,speaker_split,fearful,fearful,True
2026-06-06 20:22:58,speaker_split,calm,calm,True
2026-06-06 20:22:58,speaker_split,happy,happy,True
2026-06-06 20:22:58,speaker_split,surprised,surprised,True
2026-06-06 20:22:58,speaker_split,surprised,surprised,True
2026-06-06 20:22:58,speaker_split,calm,calm,True
2026-06-06 20:22:58,speaker_split,angry,angry,True
2026-06-06 20:22:58,speaker_split,sad,sad,True
2026-06-06 20:22:58,speaker_split,disgust,disgust,True
2026-06-06 20:22:58,speaker_split,sad,sad,True
2026-06-06 20:22:58,speaker_split,angry,angry,True
2026-06-06 20:22:58,speaker_split,neutral,disgust,False
2026-06-06 20:22:58,speaker_split,happy,happy,True
2026-06-06 20:22:58,speaker_split,angry,angry,True
2026-06-06 20:22:58,speaker_split,happy,happy,True
2026-06-06 20:22:58,speaker_split,disgust,disgust,True
2026-06-06 20:22:58,speaker_split,angry,angry,True
2026-06-06 20:22:58,speaker_split,surprised,happy,False
2026-06-06 20:22:58,speaker_split,angry,angry,True
2026-06-06 20:22:58,speaker_split,calm,calm,True
2026-06-06 20:22:58,speaker_split,happy,happy,True
2026-06-06 20:22:58,speaker_split,sad,sad,True
2026-06-06 20:22:58,speaker_split,angry,angry,True
2026-06-06 20:22:58,speaker_split,happy,surprised,False
2026-06-06 20:22:58,speaker_split,angry,sad,False
2026-06-06 20:22:58,speaker_split,disgust,disgust,True
2026-06-06 20:22:58,speaker_split,disgust,happy,False
2026-06-06 20:22:58,speaker_split,neutral,neutral,True
2026-06-06 20:22:58,speaker_split,surprised,surprised,True
2026-06-06 20:22:58,speaker_split,calm,calm,True
2026-06-06 20:22:58,speaker_split,surprised,surprised,True
2026-06-06 20:22:58,speaker_split,sad,angry,False
2026-06-06 20:22:58,speaker_split,sad,sad,True
2026-06-06 20:22:58,speaker_split,calm,calm,True
2026-06-06 20:22:58,gradual,happy,surprised,False
2026-06-06 20:22:58,gradual,calm,surprised,False
2026-06-06 20:22:58,gradual,calm,happy,False
2026-06-06 20:22:58,gradual,happy,surprised,False
2026-06-06 20:22:58,gradual,disgust,sad,False
2026-06-06 20:22:58,gradual,fearful,sad,False
2026-06-06 20:22:58,gradual,disgust,sad,False
2026-06-06 20:22:58,gradual,surprised,surprised,True
2026-06-06 20:22:58,gradual,disgust,surprised,False
2026-06-06 20:22:58,gradual,happy,angry,False
2026-06-06 20:22:58,gradual,happy,angry,False
2026-06-06 20:22:58,gradual,fearful,disgust,False
2026-06-06 20:22:58,gradual,fearful,fearful,True
2026-06-06 20:22:58,gradual,neutral,surprised,False
2026-06-06 20:22:58,gradual,fearful,neutral,False
2026-06-06 20:22:58,gradual,calm,fearful,False
2026-06-06 20:22:58,gradual,fearful,happy,False
2026-06-06 20:22:58,gradual,surprised,disgust,False
2026-06-06 20:22:58,gradual,fearful,fearful,True
2026-06-06 20:22:58,gradual,calm,disgust,False
2026-06-06 20:22:58,gradual,sad,surprised,False
2026-06-06 20:22:58,gradual,calm,disgust,False
2026-06-06 20:22:58,gradual,angry,fearful,False
2026-06-06 20:22:58,gradual,happy,happy,True
2026-06-06 20:22:58,gradual,fearful,disgust,False
2026-06-06 20:22:58,gradual,sad,disgust,False
2026-06-06 20:22:58,gradual,sad,disgust,False
2026-06-06 20:22:58,gradual,happy,happy,True
2026-06-06 20:22:58,gradual,disgust,disgust,True
2026-06-06 20:22:58,gradual,happy,surprised,False
2026-06-06 20:22:58,gradual,fearful,neutral,False
2026-06-06 20:22:58,gradual,fearful,sad,False
2026-06-06 20:22:58,gradual,angry,disgust,False
2026-06-06 20:22:58,gradual,happy,sad,False
2026-06-06 20:22:58,gradual,disgust,disgust,True
2026-06-06 20:22:58,gradual,surprised,angry,False
2026-06-06 20:22:58,gradual,surprised,fearful,False
2026-06-06 20:22:58,gradual,neutral,sad,False
2026-06-06 20:22:58,gradual,surprised,fearful,False
2026-06-06 20:22:58,gradual,disgust,angry,False
2026-06-06 20:22:58,gradual,angry,disgust,False
2026-06-06 20:22:58,gradual,angry,surprised,False
2026-06-06 20:22:58,gradual,fearful,fearful,True
2026-06-06 20:22:58,gradual,sad,disgust,False
2026-06-06 20:22:58,gradual,disgust,fearful,False
2026-06-06 20:22:58,gradual,sad,fearful,False
2026-06-06 20:22:58,gradual,angry,happy,False
2026-06-06 20:22:58,gradual,calm,happy,False
2026-06-06 20:22:58,gradual,calm,disgust,False
2026-06-06 20:22:58,gradual,angry,calm,False
2026-06-06 20:22:58,gradual,angry,fearful,False
2026-06-06 20:22:58,gradual,neutral,disgust,False
2026-06-06 20:22:58,gradual,calm,fearful,False
2026-06-06 20:22:58,gradual,angry,surprised,False
2026-06-06 20:22:58,gradual,sad,disgust,False
2026-06-06 20:22:58,gradual,calm,sad,False
2026-06-06 20:22:58,gradual,happy,fearful,False
2026-06-06 20:22:58,gradual,neutral,angry,False
2026-06-06 20:22:58,gradual,happy,disgust,False
2026-06-06 20:22:58,gradual,happy,fearful,False
2026-06-06 20:22:58,gradual,sad,surprised,False
2026-06-06 20:22:58,gradual,disgust,fearful,False
2026-06-06 20:22:58,gradual,happy,surprised,False
2026-06-06 20:22:58,gradual,angry,fearful,False
2026-06-06 20:22:58,gradual,happy,angry,False
2026-06-06 20:22:58,gradual,fearful,disgust,False
2026-06-06 20:22:58,gradual,surprised,calm,False
2026-06-06 20:22:58,gradual,angry,fearful,False
2026-06-06 20:22:58,gradual,happy,surprised,False
2026-06-06 20:22:58,gradual,surprised,surprised,True
2026-06-06 20:22:58,gradual,surprised,surprised,True
2026-06-06 20:22:58,gradual,calm,happy,False
2026-06-06 20:22:58,gradual,sad,disgust,False
2026-06-06 20:22:58,gradual,sad,fearful,False
2026-06-06 20:22:58,gradual,calm,neutral,False
2026-06-06 20:22:58,gradual,neutral,sad,False
2026-06-06 20:22:58,gradual,angry,fearful,False
2026-06-06 20:22:58,gradual,happy,angry,False
2026-06-06 20:22:58,gradual,fearful,happy,False
2026-06-06 20:22:58,gradual,angry,surprised,False
2026-06-06 20:22:58,gradual,happy,angry,False
2026-06-06 20:22:58,gradual,disgust,surprised,False
2026-06-06 20:22:58,gradual,angry,surprised,False
2026-06-06 20:22:58,gradual,surprised,sad,False
2026-06-06 20:22:58,gradual,angry,sad,False
2026-06-06 20:22:58,gradual,sad,happy,False
2026-06-06 20:22:58,gradual,happy,disgust,False
2026-06-06 20:22:58,gradual,neutral,disgust,False
2026-06-06 20:22:58,gradual,angry,disgust,False
2026-06-06 20:22:58,gradual,neutral,fearful,False
2026-06-06 20:22:58,gradual,angry,calm,False
2026-06-06 20:22:58,gradual,disgust,happy,False
2026-06-06 20:22:58,gradual,disgust,fearful,False
2026-06-06 20:22:58,gradual,neutral,calm,False
2026-06-06 20:22:58,gradual,sad,happy,False
2026-06-06 20:22:58,gradual,calm,neutral,False
2026-06-06 20:22:58,gradual,sad,neutral,False
2026-06-06 20:22:58,gradual,neutral,disgust,False
2026-06-06 20:22:58,gradual,surprised,happy,False
2026-06-06 20:22:58,gradual,calm,sad,False
2026-06-06 20:22:58,noise,disgust,surprised,False
2026-06-06 20:22:58,noise,happy,angry,False
2026-06-06 20:22:58,noise,angry,surprised,False
2026-06-06 20:22:58,noise,angry,angry,True
2026-06-06 20:22:58,noise,disgust,disgust,True
2026-06-06 20:22:58,noise,happy,happy,True
2026-06-06 20:22:58,noise,sad,sad,True
2026-06-06 20:22:58,noise,sad,surprised,False
2026-06-06 20:22:58,noise,sad,sad,True
2026-06-06 20:22:58,noise,neutral,calm,False
2026-06-06 20:22:58,noise,happy,happy,True
2026-06-06 20:22:58,noise,happy,happy,True
2026-06-06 20:22:58,noise,happy,happy,True
2026-06-06 20:22:58,noise,fearful,sad,False
2026-06-06 20:22:58,noise,angry,disgust,False
2026-06-06 20:22:58,noise,disgust,disgust,True
2026-06-06 20:22:58,noise,calm,calm,True
2026-06-06 20:22:58,noise,happy,happy,True
2026-06-06 20:22:58,noise,surprised,surprised,True
2026-06-06 20:22:58,noise,sad,sad,True
2026-06-06 20:22:58,noise,fearful,fearful,True
2026-06-06 20:22:58,noise,calm,calm,True
2026-06-06 20:22:58,noise,happy,fearful,False
2026-06-06 20:22:58,noise,calm,surprised,False
2026-06-06 20:22:58,noise,surprised,surprised,True
2026-06-06 20:22:58,noise,surprised,surprised,True
2026-06-06 20:22:58,noise,fearful,fearful,True
2026-06-06 20:22:58,noise,fearful,fearful,True
2026-06-06 20:22:58,noise,happy,happy,True
2026-06-06 20:22:58,noise,angry,sad,False
2026-06-06 20:22:58,noise,angry,surprised,False
2026-06-06 20:22:58,noise,disgust,angry,False
2026-06-06 20:22:58,noise,neutral,surprised,False
2026-06-06 20:22:58,noise,happy,surprised,False
2026-06-06 20:22:58,noise,fearful,sad,False
2026-06-06 20:22:58,noise,fearful,fearful,True
2026-06-06 20:22:58,noise,sad,calm,False
2026-06-06 20:22:58,noise,angry,fearful,False
2026-06-06 20:22:58,noise,disgust,angry,False
2026-06-06 20:22:58,noise,fearful,fearful,True
2026-06-06 20:22:58,noise,neutral,calm,False
2026-06-06 20:22:58,noise,sad,fearful,False
2026-06-06 20:22:58,noise,angry,disgust,False
2026-06-06 20:22:58,noise,sad,sad,True
2026-06-06 20:22:58,noise,disgust,surprised,False
2026-06-06 20:22:58,noise,surprised,surprised,True
2026-06-06 20:22:58,noise,surprised,happy,False
2026-06-06 20:22:58,noise,surprised,surprised,True
2026-06-06 20:22:58,noise,happy,happy,True
2026-06-06 20:22:58,noise,calm,neutral,False
2026-06-06 20:22:58,noise,sad,disgust,False
2026-06-06 20:22:58,noise,sad,neutral,False
2026-06-06 20:22:58,noise,sad,calm,False
2026-06-06 20:22:58,noise,fearful,surprised,False
2026-06-06 20:22:58,noise,sad,angry,False
2026-06-06 20:22:58,noise,calm,calm,True
2026-06-06 20:22:58,noise,surprised,surprised,True
2026-06-06 20:22:58,noise,sad,disgust,False
2026-06-06 20:22:58,noise,disgust,calm,False
2026-06-06 20:22:58,noise,angry,surprised,False
2026-06-06 20:22:58,noise,happy,disgust,False
2026-06-06 20:22:58,noise,happy,fearful,False
2026-06-06 20:22:58,noise,sad,sad,True
2026-06-06 20:22:58,noise,angry,fearful,False
2026-06-06 20:22:58,noise,angry,angry,True
2026-06-06 20:22:58,noise,calm,calm,True
2026-06-06 20:22:58,noise,happy,happy,True
2026-06-06 20:22:58,noise,sad,sad,True
2026-06-06 20:22:58,noise,angry,fearful,False
2026-06-06 20:22:58,noise,neutral,sad,False
2026-06-06 20:22:58,noise,angry,happy,False
2026-06-06 20:22:58,noise,disgust,surprised,False
2026-06-06 20:22:58,noise,angry,fearful,False
2026-06-06 20:22:58,noise,surprised,surprised,True
2026-06-06 20:22:58,noise,fearful,angry,False
2026-06-06 20:22:58,noise,neutral,sad,False
2026-06-06 20:22:58,noise,happy,surprised,False
2026-06-06 20:22:58,noise,calm,happy,False
2026-06-06 20:22:58,noise,angry,surprised,False
2026-06-06 20:22:58,noise,fearful,fearful,True
2026-06-06 20:22:59,noise,surprised,sad,False
2026-06-06 20:22:59,noise,surprised,fearful,False
2026-06-06 20:22:59,noise,sad,surprised,False
2026-06-06 20:22:59,noise,calm,surprised,False
2026-06-06 20:22:59,noise,angry,happy,False
2026-06-06 20:22:59,noise,fearful,angry,False
2026-06-06 20:22:59,noise,neutral,neutral,True
2026-06-06 20:22:59,noise,fearful,happy,False
2026-06-06 20:22:59,noise,neutral,disgust,False
2026-06-06 20:22:59,noise,disgust,neutral,False
2026-06-06 20:22:59,noise,surprised,disgust,False
2026-06-06 20:22:59,noise,happy,sad,False
2026-06-06 20:22:59,noise,sad,surprised,False
2026-06-06 20:22:59,noise,sad,disgust,False
2026-06-06 20:22:59,noise,happy,neutral,False
2026-06-06 20:22:59,noise,sad,sad,True
2026-06-06 20:22:59,noise,angry,sad,False
2026-06-06 20:22:59,noise,disgust,surprised,False
2026-06-06 20:22:59,noise,happy,fearful,False
2026-06-06 20:22:59,noise,disgust,surprised,False
2026-06-06 20:22:59,noise,sad,happy,False
2026-06-06 20:22:59,noise,sad,surprised,False
2026-06-06 20:22:59,noise,fearful,angry,False
2026-06-06 20:22:59,noise,surprised,surprised,True
2026-06-06 20:22:59,noise,happy,surprised,False
2026-06-06 20:22:59,noise,surprised,fearful,False
2026-06-06 20:22:59,noise,disgust,happy,False
2026-06-06 20:22:59,noise,happy,fearful,False
2026-06-06 20:22:59,noise,fearful,sad,False
2026-06-06 20:22:59,noise,happy,fearful,False
2026-06-06 20:22:59,noise,angry,surprised,False
2026-06-06 20:22:59,noise,surprised,angry,False
2026-06-06 20:22:59,noise,calm,surprised,False
2026-06-06 20:22:59,noise,surprised,happy,False
2026-06-06 20:22:59,noise,calm,surprised,False
2026-06-06 20:22:59,noise,angry,fearful,False
2026-06-06 20:22:59,noise,fearful,disgust,False
2026-06-06 20:22:59,noise,happy,fearful,False
2026-06-06 20:22:59,noise,calm,happy,False
2026-06-06 20:22:59,noise,sad,disgust,False
2026-06-06 20:22:59,noise,angry,disgust,False
2026-06-06 20:22:59,noise,disgust,sad,False
2026-06-06 20:22:59,noise,fearful,angry,False
2026-06-06 20:22:59,noise,surprised,fearful,False
2026-06-06 20:22:59,noise,disgust,surprised,False
2026-06-06 20:22:59,noise,calm,disgust,False
2026-06-06 20:22:59,noise,surprised,sad,False
2026-06-06 20:22:59,noise,calm,fearful,False
2026-06-06 20:22:59,noise,happy,surprised,False
2026-06-06 20:22:59,noise,surprised,sad,False
2026-06-06 20:22:59,noise,happy,sad,False
2026-06-06 20:22:59,noise,angry,sad,False
2026-06-06 20:22:59,noise,angry,sad,False
2026-06-06 20:22:59,noise,happy,happy,True
2026-06-06 20:22:59,noise,sad,happy,False
2026-06-06 20:22:59,noise,surprised,angry,False
2026-06-06 20:22:59,noise,happy,sad,False
2026-06-06 20:22:59,noise,disgust,happy,False
2026-06-06 20:22:59,noise,sad,disgust,False
2026-06-06 20:22:59,noise,surprised,fearful,False
2026-06-06 20:22:59,noise,disgust,disgust,True
2026-06-06 20:22:59,noise,calm,surprised,False
2026-06-06 20:22:59,noise,surprised,surprised,True
2026-06-06 20:22:59,noise,sad,disgust,False
2026-06-06 20:22:59,noise,surprised,happy,False
2026-06-06 20:22:59,noise,neutral,angry,False
2026-06-06 20:22:59,noise,angry,sad,False
2026-06-06 20:22:59,noise,fearful,surprised,False
2026-06-06 20:22:59,noise,disgust,happy,False
2026-06-06 20:22:59,noise,fearful,fearful,True
2026-06-06 20:22:59,noise,sad,sad,True
2026-06-06 20:22:59,noise,surprised,sad,False
2026-06-06 20:22:59,noise,sad,fearful,False
2026-06-06 20:22:59,noise,disgust,surprised,False
2026-06-06 20:22:59,noise,fearful,sad,False
2026-06-06 20:22:59,noise,angry,surprised,False
2026-06-06 20:22:59,noise,sad,surprised,False
2026-06-06 20:22:59,noise,neutral,surprised,False
2026-06-06 20:22:59,noise,angry,fearful,False
2026-06-06 20:22:59,noise,disgust,angry,False
2026-06-06 20:23:00,noise,surprised,fearful,False
2026-06-06 20:23:00,noise,calm,disgust,False
2026-06-06 20:23:00,noise,fearful,surprised,False
2026-06-06 20:23:00,noise,happy,surprised,False
2026-06-06 20:23:00,noise,surprised,disgust,False
2026-06-06 20:23:00,noise,happy,fearful,False
2026-06-06 20:23:00,noise,fearful,sad,False
2026-06-06 20:23:00,noise,happy,surprised,False
2026-06-06 20:23:00,noise,disgust,surprised,False
2026-06-06 20:23:00,noise,disgust,fearful,False
2026-06-06 20:23:00,noise,calm,surprised,False
2026-06-06 20:23:00,noise,surprised,happy,False
2026-06-06 20:23:00,noise,fearful,sad,False
2026-06-06 20:23:00,noise,calm,fearful,False
2026-06-06 20:23:00,noise,happy,angry,False
2026-06-06 20:23:00,noise,angry,fearful,False
2026-06-06 20:23:00,noise,sad,fearful,False
2026-06-06 20:23:00,noise,calm,surprised,False
2026-06-06 20:23:00,noise,angry,surprised,False
2026-06-06 20:23:00,noise,sad,surprised,False
2026-06-06 20:23:00,noise,disgust,angry,False
2026-06-06 20:23:00,noise,sad,surprised,False
2026-06-06 20:23:00,noise,fearful,disgust,False
2026-06-06 20:23:00,noise,calm,angry,False
2026-06-06 20:23:00,noise,neutral,surprised,False
2026-06-06 20:23:00,noise,angry,surprised,False
2026-06-06 20:23:00,noise,happy,sad,False
2026-06-06 20:23:00,noise,surprised,surprised,True
2026-06-06 20:23:00,noise,disgust,disgust,True
2026-06-06 20:23:00,noise,angry,sad,False
2026-06-06 20:23:00,noise,surprised,fearful,False
2026-06-06 20:23:00,noise,calm,surprised,False
2026-06-06 20:23:00,noise,disgust,surprised,False
2026-06-06 20:23:00,noise,surprised,happy,False
2026-06-06 20:23:00,noise,calm,surprised,False
2026-06-06 20:23:00,noise,sad,sad,True
2026-06-06 20:23:00,noise,fearful,surprised,False
2026-06-06 20:23:00,noise,fearful,angry,False
2026-06-06 20:23:00,noise,angry,happy,False
2026-06-06 20:23:00,noise,surprised,neutral,False
2026-06-06 20:23:00,noise,fearful,neutral,False
2026-06-06 20:23:00,noise,surprised,sad,False
2026-06-06 20:23:00,noise,surprised,happy,False
2026-06-06 20:23:00,noise,disgust,happy,False
2026-06-06 20:23:00,noise,happy,disgust,False
2026-06-06 20:23:00,noise,calm,fearful,False
2026-06-06 20:23:00,noise,disgust,fearful,False
2026-06-06 20:23:00,noise,angry,disgust,False
2026-06-06 20:23:00,noise,fearful,neutral,False
2026-06-06 20:23:00,noise,fearful,sad,False
2026-06-06 20:23:00,noise,happy,calm,False
2026-06-06 20:23:00,noise,surprised,sad,False
2026-06-06 20:23:00,noise,disgust,sad,False
2026-06-06 20:23:00,noise,sad,calm,False
2026-06-06 20:23:00,noise,sad,happy,False
2026-06-06 20:23:00,noise,happy,angry,False
2026-06-06 20:23:00,noise,happy,disgust,False
2026-06-06 20:23:00,noise,sad,sad,True
2026-06-06 20:23:00,noise,disgust,surprised,False
2026-06-06 20:23:00,noise,happy,disgust,False
2026-06-06 20:23:00,noise,fearful,surprised,False
2026-06-06 20:23:00,noise,surprised,surprised,True
2026-06-06 20:23:00,noise,calm,disgust,False
2026-06-06 20:23:00,noise,surprised,surprised,True
2026-06-06 20:23:00,noise,sad,surprised,False
2026-06-06 20:23:00,noise,sad,calm,False
2026-06-06 20:23:00,noise,surprised,fearful,False
2026-06-06 20:23:00,noise,happy,fearful,False
2026-06-06 20:23:00,noise,fearful,happy,False
2026-06-06 20:23:00,noise,angry,surprised,False
2026-06-06 20:23:00,noise,surprised,happy,False
2026-06-06 20:23:00,noise,calm,surprised,False
2026-06-06 20:23:00,noise,disgust,disgust,True
2026-06-06 20:23:00,noise,angry,surprised,False
2026-06-06 20:23:00,noise,happy,sad,False
2026-06-06 20:23:00,noise,surprised,disgust,False
2026-06-06 20:23:00,noise,happy,sad,False
2026-06-06 20:23:00,noise,angry,angry,True
2026-06-06 20:23:00,noise,fearful,happy,False
2026-06-06 20:23:00,noise,sad,happy,False
2026-06-06 20:23:01,noise,surprised,fearful,False
2026-06-06 20:23:01,noise,calm,disgust,False
2026-06-06 20:23:01,noise,fearful,surprised,False
2026-06-06 20:23:01,noise,happy,surprised,False
2026-06-06 20:23:01,noise,surprised,disgust,False
2026-06-06 20:23:01,noise,happy,fearful,False
2026-06-06 20:23:01,noise,fearful,sad,False
2026-06-06 20:23:01,noise,happy,surprised,False
2026-06-06 20:23:01,noise,disgust,surprised,False
2026-06-06 20:23:01,noise,disgust,fearful,False
2026-06-06 20:23:01,noise,calm,surprised,False
2026-06-06 20:23:01,noise,surprised,happy,False
2026-06-06 20:23:01,noise,fearful,sad,False
2026-06-06 20:23:01,noise,calm,fearful,False
2026-06-06 20:23:01,noise,happy,angry,False
2026-06-06 20:23:01,noise,angry,fearful,False
2026-06-06 20:23:01,noise,sad,fearful,False
2026-06-06 20:23:01,noise,calm,surprised,False
2026-06-06 20:23:01,noise,angry,surprised,False
2026-06-06 20:23:01,noise,sad,surprised,False
2026-06-06 20:23:01,noise,disgust,angry,False
2026-06-06 20:23:01,noise,sad,surprised,False
2026-06-06 20:23:01,noise,fearful,disgust,False
2026-06-06 20:23:01,noise,calm,angry,False
2026-06-06 20:23:01,noise,neutral,surprised,False
2026-06-06 20:23:01,noise,angry,surprised,False
2026-06-06 20:23:01,noise,happy,disgust,False
2026-06-06 20:23:01,noise,surprised,surprised,True
2026-06-06 20:23:01,noise,disgust,disgust,True
2026-06-06 20:23:01,noise,angry,sad,False
2026-06-06 20:23:01,noise,surprised,fearful,False
2026-06-06 20:23:01,noise,calm,surprised,False
2026-06-06 20:23:01,noise,disgust,surprised,False
2026-06-06 20:23:01,noise,surprised,happy,False
2026-06-06 20:23:01,noise,calm,surprised,False
2026-06-06 20:23:01,noise,sad,sad,True
2026-06-06 20:23:01,noise,fearful,surprised,False
2026-06-06 20:23:01,noise,fearful,angry,False
2026-06-06 20:23:01,noise,angry,happy,False
2026-06-06 20:23:01,noise,surprised,neutral,False
2026-06-06 20:23:01,noise,fearful,neutral,False
2026-06-06 20:23:01,noise,surprised,sad,False
2026-06-06 20:23:01,noise,surprised,happy,False
2026-06-06 20:23:01,noise,disgust,happy,False
2026-06-06 20:23:01,noise,happy,disgust,False
2026-06-06 20:23:01,noise,calm,fearful,False
2026-06-06 20:23:01,noise,disgust,fearful,False
2026-06-06 20:23:01,noise,angry,disgust,False
2026-06-06 20:23:01,noise,fearful,neutral,False
2026-06-06 20:23:01,noise,fearful,sad,False
2026-06-06 20:23:01,noise,happy,calm,False
2026-06-06 20:23:01,noise,surprised,sad,False
2026-06-06 20:23:01,noise,disgust,sad,False
2026-06-06 20:23:01,noise,sad,calm,False
2026-06-06 20:23:01,noise,sad,happy,False
2026-06-06 20:23:01,noise,happy,angry,False
2026-06-06 20:23:01,noise,happy,disgust,False
2026-06-06 20:23:01,noise,sad,sad,True
2026-06-06 20:23:01,noise,disgust,surprised,False
2026-06-06 20:23:01,noise,happy,disgust,False
2026-06-06 20:23:01,noise,fearful,surprised,False
2026-06-06 20:23:01,noise,surprised,surprised,True
2026-06-06 20:23:01,noise,calm,disgust,False
2026-06-06 20:23:01,noise,surprised,surprised,True
2026-06-06 20:23:01,noise,sad,surprised,False
2026-06-06 20:23:01,noise,sad,calm,False
2026-06-06 20:23:01,noise,surprised,fearful,False
2026-06-06 20:23:01,noise,happy,fearful,False
2026-06-06 20:23:01,noise,fearful,happy,False
2026-06-06 20:23:01,noise,angry,surprised,False
2026-06-06 20:23:01,noise,surprised,happy,False
2026-06-06 20:23:01,noise,calm,surprised,False
2026-06-06 20:23:01,noise,disgust,disgust,True
2026-06-06 20:23:01,noise,angry,surprised,False
2026-06-06 20:23:01,noise,happy,sad,False
2026-06-06 20:23:01,noise,surprised,disgust,False
2026-06-06 20:23:01,noise,happy,sad,False
2026-06-06 20:23:01,noise,angry,angry,True
2026-06-06 20:23:01,noise,fearful,happy,False
2026-06-06 20:23:01,noise,sad,happy,False
2026-06-06 20:23:01,noise,disgust,surprised,False
2026-06-06 20:23:01,noise,happy,surprised,False
2026-06-06 20:23:01,noise,calm,fearful,False
2026-06-06 20:23:01,noise,disgust,fearful,False
2026-06-06 20:23:01,noise,surprised,calm,False
2026-06-06 20:23:01,noise,angry,disgust,False
2026-06-06 20:23:01,noise,neutral,surprised,False
2026-06-06 20:23:01,noise,angry,surprised,False
2026-06-06 20:23:01,noise,happy,surprised,False
2026-06-06 20:23:01,noise,angry,disgust,False
2026-06-06 20:23:01,noise,calm,fearful,False
2026-06-06 20:23:01,noise,happy,angry,False
2026-06-06 20:23:01,noise,fearful,sad,False
2026-06-06 20:23:01,noise,sad,angry,False
2026-06-06 20:23:01,noise,surprised,fearful,False
2026-06-06 20:23:01,noise,sad,fearful,False
2026-06-06 20:23:01,noise,sad,happy,False
2026-06-06 20:23:01,noise,calm,surprised,False
2026-06-06 20:23:01,noise,fearful,disgust,False
2026-06-06 20:23:01,noise,sad,sad,True
2026-06-06 20:23:01,noise,angry,neutral,False
2026-06-06 20:23:01,noise,neutral,disgust,False
2026-06-06 20:23:01,noise,calm,neutral,False
2026-06-06 20:23:01,noise,angry,disgust,False
2026-06-06 20:23:01,noise,happy,happy,True
2026-06-06 20:23:01,noise,sad,sad,True
2026-06-06 20:23:01,noise,surprised,disgust,False
2026-06-06 20:23:01,noise,surprised,surprised,True
2026-06-06 20:23:01,noise,surprised,surprised,True
2026-06-06 20:23:01,noise,calm,neutral,False
2026-06-06 20:23:01,noise,surprised,disgust,False
2026-06-06 20:23:01,noise,disgust,sad,False
2026-06-06 20:23:01,noise,angry,fearful,False
2026-06-06 20:23:01,noise,calm,calm,True
2026-06-06 20:23:01,noise,neutral,happy,False
2026-06-06 20:23:01,noise,sad,neutral,False
2026-06-06 20:23:01,noise,fearful,happy,False
2026-06-06 20:23:01,noise,disgust,sad,False
2026-06-06 20:23:01,noise,calm,happy,False
2026-06-06 20:23:01,noise,disgust,sad,False
2026-06-06 20:23:01,noise,surprised,sad,False
2026-06-06 20:23:01,noise,sad,happy,False
2026-06-06 20:23:01,noise,calm,disgust,False
2026-06-06 20:23:01,noise,fearful,disgust,False
2026-06-06 20:23:01,noise,disgust,happy,False
2026-06-06 20:23:01,noise,angry,fearful,False
2026-06-06 20:23:01,noise,disgust,fearful,False
2026-06-06 20:23:01,noise,fearful,surprised,False
2026-06-06 20:23:01,noise,happy,surprised,False
2026-06-06 20:23:01,noise,sad,surprised,False
2026-06-06 20:23:01,noise,surprised,fearful,False
2026-06-06 20:23:01,noise,happy,neutral,False
2026-06-06 20:23:01,noise,disgust,sad,False
2026-06-06 20:23:01,noise,disgust,happy,False
2026-06-06 20:23:01,noise,disgust,surprised,False
2026-06-06 20:23:01,noise,sad,fearful,False
2026-06-06 20:23:01,noise,sad,disgust,False
2026-06-06 20:23:01,noise,sad,surprised,False
2026-06-06 20:23:01,noise,calm,sad,False
2026-06-06 20:23:01,noise,calm,fearful,False
2026-06-06 20:23:01,noise,happy,happy,True
2026-06-06 20:23:01,noise,neutral,calm,False
2026-06-06 20:23:01,noise,happy,calm,False
2026-06-06 20:23:01,noise,fearful,fearful,True
2026-06-06 20:23:01,noise,calm,happy,False
2026-06-06 20:23:01,noise,angry,happy,False
2026-06-06 20:23:01,noise,angry,sad,False
2026-06-06 20:23:01,noise,angry,surprised,False
2026-06-06 20:23:01,noise,happy,fearful,False
2026-06-06 20:23:01,noise,surprised,surprised,True
2026-06-06 20:23:01,noise,sad,fearful,False
2026-06-06 20:23:01,noise,happy,sad,False
2026-06-06 20:23:01,noise,fearful,fearful,True
2026-06-06 20:23:01,noise,surprised,sad,False
2026-06-06 20:23:01,noise,surprised,fearful,False
2026-06-06 20:23:01,noise,calm,surprised,False
2026-06-06 20:23:01,noise,angry,sad,False
2026-06-06 20:23:01,noise,disgust,surprised,False
2026-06-06 20:23:01,noise,sad,fearful,False
2026-06-06 20:23:01,noise,surprised,surprised,True
2026-06-06 20:23:02,noise,surprised,sad,False
2026-06-06 20:23:02,noise,happy,sad,False
2026-06-06 20:23:02,noise,calm,fearful,False
2026-06-06 20:23:02,noise,fearful,sad,False
2026-06-06 20:23:02,noise,disgust,sad,False
2026-06-06 20:23:02,noise,fearful,sad,False
2026-06-06 20:23:02,noise,angry,fearful,False
2026-06-06 20:23:02,noise,angry,happy,False
2026-06-06 20:23:02,noise,sad,calm,False
2026-06-06 20:23:02,noise,disgust,surprised,False
2026-06-06 20:23:02,noise,angry,surprised,False
2026-06-06 20:23:02,noise,happy,neutral,False
2026-06-06 20:23:02,noise,calm,sad,False
2026-06-06 20:23:02,noise,fearful,sad,False
2026-06-06 20:23:02,noise,surprised,surprised,True
2026-06-06 20:23:02,noise,neutral,surprised,False
2026-06-06 20:23:02,noise,fearful,happy,False
2026-06-06 20:23:02,noise,disgust,surprised,False
2026-06-06 20:23:02,noise,fearful,sad,False
2026-06-06 20:23:02,noise,calm,fearful,False
2026-06-06 20:23:02,noise,neutral,fearful,False
2026-06-06 20:23:02,noise,angry,surprised,False
2026-06-06 20:23:02,noise,calm,surprised,False
2026-06-06 20:23:02,noise,disgust,fearful,False
2026-06-06 20:23:02,noise,disgust,happy,False
2026-06-06 20:23:02,noise,sad,surprised,False
2026-06-06 20:23:02,noise,neutral,happy,False
2026-06-06 20:23:02,noise,sad,fearful,False
2026-06-06 20:23:02,noise,calm,fearful,False
2026-06-06 20:23:02,noise,angry,happy,False
2026-06-06 20:23:02,noise,neutral,angry,False
2026-06-06 20:23:02,noise,surprised,disgust,False
2026-06-06 20:23:02,noise,angry,fearful,False
2026-06-06 20:23:02,noise,happy,neutral,False
2026-06-06 20:23:02,noise,happy,happy,True
2026-06-06 20:23:02,noise,sad,fearful,False
2026-06-06 20:23:02,noise,happy,surprised,False
2026-06-06 20:23:02,noise,neutral,happy,False
2026-06-06 20:23:02,noise,sad,fearful,False
2026-06-06 20:23:02,noise,fearful,disgust,False
2026-06-06 20:23:02,noise,surprised,surprised,True
2026-06-06 20:23:02,noise,calm,angry,False
2026-06-06 20:23:02,noise,fearful,sad,False
2026-06-06 20:23:02,noise,fearful,happy,False
2026-06-06 20:23:02,noise,fearful,sad,False
2026-06-06 20:23:02,noise,angry,surprised,False
2026-06-06 20:23:02,noise,surprised,surprised,True
2026-06-06 20:23:02,noise,sad,angry,False
2026-06-06 20:23:02,noise,happy,neutral,False
2026-06-06 20:23:02,noise,sad,surprised,False
2026-06-06 20:23:02,noise,happy,angry,False
2026-06-06 20:23:02,noise,neutral,surprised,False
2026-06-06 20:23:02,noise,happy,fearful,False
2026-06-06 20:23:02,noise,fearful,happy,False
2026-06-06 20:23:02,noise,happy,happy,True
2026-06-06 20:23:02,noise,surprised,fearful,False
2026-06-06 20:23:02,noise,happy,disgust,False
2026-06-06 20:23:02,noise,calm,happy,False
2026-06-06 20:23:02,noise,sad,fearful,False
2026-06-06 20:23:02,noise,neutral,angry,False
2026-06-06 20:23:02,noise,neutral,fearful,False
2026-06-06 20:23:02,noise,sad,happy,False
2026-06-06 20:23:02,noise,fearful,fearful,True
2026-06-06 20:23:02,noise,disgust,fearful,False
2026-06-06 20:23:02,noise,angry,fearful,False
2026-06-06 20:23:02,noise,calm,disgust,False
2026-06-06 20:23:02,noise,disgust,fearful,False
2026-06-06 20:23:02,noise,fearful,disgust,False
2026-06-06 20:23:02,noise,disgust,angry,False
2026-06-06 20:23:02,noise,angry,surprised,False
2026-06-06 20:23:02,noise,angry,happy,False
2026-06-06 20:23:02,noise,angry,angry,True
2026-06-06 20:23:02,noise,surprised,fearful,False
2026-06-06 20:23:02,noise,disgust,sad,False
2026-06-06 20:23:02,noise,surprised,fearful,False
2026-06-06 20:23:02,noise,fearful,surprised,False
2026-06-06 20:23:02,noise,disgust,surprised,False
2026-06-06 20:23:02,noise,calm,calm,True
2026-06-06 20:23:02,noise,surprised,disgust,False
2026-06-06 20:23:02,noise,fearful,sad,False
2026-06-06 20:23:03,noise,surprised,sad,False
2026-06-06 20:23:03,noise,happy,sad,False
2026-06-06 20:23:03,noise,calm,fearful,False
2026-06-06 20:23:03,noise,fearful,sad,False
2026-06-06 20:23:03,noise,disgust,sad,False
2026-06-06 20:23:03,noise,fearful,sad,False
2026-06-06 20:23:03,noise,angry,fearful,False
2026-06-06 20:23:03,noise,angry,happy,False
2026-06-06 20:23:03,noise,sad,calm,False
2026-06-06 20:23:03,noise,disgust,surprised,False
2026-06-06 20:23:03,noise,angry,surprised,False
2026-06-06 20:23:03,noise,happy,neutral,False
2026-06-06 20:23:03,noise,calm,sad,False
2026-06-06 20:23:03,noise,fearful,sad,False
2026-06-06 20:23:03,noise,surprised,surprised,True
2026-06-06 20:23:03,noise,neutral,surprised,False
2026-06-06 20:23:03,noise,fearful,happy,False
2026-06-06 20:23:03,noise,disgust,surprised,False
2026-06-06 20:23:03,noise,fearful,sad,False
2026-06-06 20:23:03,noise,calm,fearful,False
2026-06-06 20:23:03,noise,neutral,fearful,False
2026-06-06 20:23:03,noise,angry,surprised,False
2026-06-06 20:23:03,noise,calm,surprised,False
2026-06-06 20:23:03,noise,disgust,fearful,False
2026-06-06 20:23:03,noise,disgust,happy,False
2026-06-06 20:23:03,noise,sad,surprised,False
2026-06-06 20:23:03,noise,neutral,happy,False
2026-06-06 20:23:03,noise,sad,fearful,False
2026-06-06 20:23:03,noise,calm,fearful,False
2026-06-06 20:23:03,noise,angry,happy,False
2026-06-06 20:23:03,noise,neutral,angry,False
2026-06-06 20:23:03,noise,surprised,disgust,False
2026-06-06 20:23:03,noise,angry,fearful,False
2026-06-06 20:23:03,noise,happy,neutral,False
2026-06-06 20:23:03,noise,happy,happy,True
2026-06-06 20:23:03,noise,sad,fearful,False
2026-06-06 20:23:03,noise,happy,surprised,False
2026-06-06 20:23:03,noise,neutral,happy,False
2026-06-06 20:23:03,noise,sad,fearful,False
2026-06-06 20:23:03,noise,fearful,disgust,False
2026-06-06 20:23:03,noise,surprised,surprised,True
2026-06-06 20:23:03,noise,calm,angry,False
2026-06-06 20:23:03,noise,fearful,sad,False
2026-06-06 20:23:03,noise,fearful,happy,False
2026-06-06 20:23:03,noise,fearful,sad,False
2026-06-06 20:23:03,noise,angry,surprised,False
2026-06-06 20:23:03,noise,surprised,surprised,True
2026-06-06 20:23:03,noise,sad,angry,False
2026-06-06 20:23:03,noise,happy,neutral,False
2026-06-06 20:23:03,noise,sad,surprised,False
2026-06-06 20:23:03,noise,happy,angry,False
2026-06-06 20:23:03,noise,neutral,surprised,False
2026-06-06 20:23:03,noise,happy,fearful,False
2026-06-06 20:23:03,noise,fearful,happy,False
2026-06-06 20:23:03,noise,happy,happy,True
2026-06-06 20:23:03,noise,surprised,fearful,False
2026-06-06 20:23:03,noise,happy,disgust,False
2026-06-06 20:23:03,noise,calm,happy,False
2026-06-06 20:23:03,noise,sad,fearful,False
2026-06-06 20:23:03,noise,neutral,angry,False
2026-06-06 20:23:03,noise,neutral,fearful,False
2026-06-06 20:23:03,noise,sad,happy,False
2026-06-06 20:23:03,noise,fearful,fearful,True
2026-06-06 20:23:03,noise,disgust,fearful,False
2026-06-06 20:23:03,noise,angry,fearful,False
2026-06-06 20:23:03,noise,calm,disgust,False
2026-06-06 20:23:03,noise,disgust,fearful,False
2026-06-06 20:23:03,noise,fearful,disgust,False
2026-06-06 20:23:03,noise,disgust,angry,False
2026-06-06 20:23:03,noise,angry,surprised,False
2026-06-06 20:23:03,noise,angry,happy,False
2026-06-06 20:23:03,noise,angry,angry,True
2026-06-06 20:23:03,noise,surprised,fearful,False
2026-06-06 20:23:03,noise,disgust,sad,False
2026-06-06 20:23:03,noise,surprised,fearful,False
2026-06-06 20:23:03,noise,fearful,surprised,False
2026-06-06 20:23:03,noise,disgust,surprised,False
2026-06-06 20:23:03,noise,calm,calm,True
2026-06-06 20:23:03,noise,surprised,disgust,False
2026-06-06 20:23:03,noise,fearful,sad,False
2026-06-06 20:23:03,noise,disgust,happy,False
2026-06-06 20:23:03,noise,neutral,surprised,False
2026-06-06 20:23:03,noise,angry,surprised,False
2026-06-06 20:23:03,noise,disgust,happy,False
2026-06-06 20:23:03,noise,calm,happy,False
2026-06-06 20:23:03,noise,disgust,sad,False
2026-06-06 20:23:03,noise,sad,fearful,False
2026-06-06 20:23:03,noise,calm,surprised,False
2026-06-06 20:23:03,noise,disgust,angry,False
2026-06-06 20:23:03,noise,sad,neutral,False
2026-06-06 20:23:03,noise,sad,fearful,False
2026-06-06 20:23:03,noise,calm,fearful,False
2026-06-06 20:23:03,noise,fearful,surprised,False
2026-06-06 20:23:03,noise,happy,happy,True
2026-06-06 20:23:03,noise,fearful,angry,False
2026-06-06 20:23:03,noise,angry,surprised,False
2026-06-06 20:23:03,noise,sad,surprised,False
2026-06-06 20:23:03,noise,fearful,disgust,False
2026-06-06 20:23:03,noise,happy,surprised,False
2026-06-06 20:23:03,noise,neutral,surprised,False
2026-06-06 20:23:03,noise,surprised,happy,False
2026-06-06 20:23:03,noise,angry,happy,False
2026-06-06 20:23:03,noise,disgust,happy,False
2026-06-06 20:23:03,noise,angry,fearful,False
2026-06-06 20:23:03,noise,angry,angry,True
2026-06-06 20:23:03,noise,fearful,fearful,True
2026-06-06 20:23:03,noise,surprised,fearful,False
2026-06-06 20:23:03,noise,calm,disgust,False
2026-06-06 20:23:03,noise,surprised,disgust,False
2026-06-06 20:23:03,noise,calm,happy,False
2026-06-06 20:23:03,noise,happy,disgust,False
2026-06-06 20:23:03,noise,surprised,happy,False
2026-06-06 20:23:03,noise,angry,disgust,False
2026-06-06 20:23:03,noise,calm,happy,False
2026-06-06 20:23:03,noise,disgust,disgust,True
2026-06-06 20:23:03,noise,surprised,fearful,False
2026-06-06 20:23:03,noise,angry,surprised,False
2026-06-06 20:23:03,noise,angry,disgust,False
2026-06-06 20:23:03,noise,fearful,sad,False
2026-06-06 20:23:03,noise,disgust,surprised,False
2026-06-06 20:23:03,noise,sad,fearful,False
2026-06-06 20:23:03,noise,disgust,angry,False
2026-06-06 20:23:03,noise,neutral,surprised,False
2026-06-06 20:23:03,noise,sad,surprised,False
2026-06-06 20:23:03,noise,happy,surprised,False
2026-06-06 20:23:03,noise,angry,calm,False
2026-06-06 20:23:03,noise,disgust,fearful,False
2026-06-06 20:23:03,noise,happy,happy,True
2026-06-06 20:23:03,noise,calm,disgust,False
2026-06-06 20:23:03,noise,sad,happy,False
2026-06-06 20:23:03,noise,disgust,disgust,True
2026-06-06 20:23:03,noise,surprised,disgust,False
2026-06-06 20:23:03,noise,surprised,sad,False
2026-06-06 20:23:03,noise,disgust,fearful,False
2026-06-06 20:23:03,noise,surprised,angry,False
2026-06-06 20:23:03,noise,angry,surprised,False
2026-06-06 20:23:03,noise,disgust,fearful,False
2026-06-06 20:23:03,noise,happy,fearful,False
2026-06-06 20:23:03,noise,surprised,surprised,True
2026-06-06 20:23:03,noise,happy,disgust,False
2026-06-06 20:23:03,noise,surprised,disgust,False
2026-06-06 20:23:03,noise,angry,surprised,False
2026-06-06 20:23:03,noise,calm,surprised,False
2026-06-06 20:23:03,noise,fearful,happy,False
2026-06-06 20:23:03,noise,fearful,happy,False
2026-06-06 20:23:03,noise,neutral,disgust,False
2026-06-06 20:23:03,noise,sad,sad,True
2026-06-06 20:23:03,noise,angry,sad,False
2026-06-06 20:23:03,noise,calm,neutral,False
2026-06-06 20:23:03,noise,neutral,sad,False
2026-06-06 20:23:03,noise,sad,happy,False
2026-06-06 20:23:03,noise,sad,surprised,False
2026-06-06 20:23:03,noise,fearful,surprised,False
2026-06-06 20:23:03,noise,neutral,disgust,False
2026-06-06 20:23:03,noise,disgust,disgust,True
2026-06-06 20:23:03,noise,sad,disgust,False
2026-06-06 20:23:03,noise,surprised,angry,False
2026-06-06 20:23:03,noise,disgust,sad,False
2026-06-06 20:23:03,noise,happy,disgust,False
2026-06-06 20:23:03,noise,happy,fearful,False
2026-06-06 20:23:04,noise,fearful,angry,False
2026-06-06 20:23:04,noise,calm,happy,False
2026-06-06 20:23:04,noise,happy,sad,False
2026-06-06 20:23:04,noise,happy,disgust,False
2026-06-06 20:23:04,noise,disgust,surprised,False
2026-06-06 20:23:04,noise,neutral,surprised,False
2026-06-06 20:23:04,noise,angry,surprised,False
2026-06-06 20:23:04,noise,fearful,happy,False
2026-06-06 20:23:04,noise,surprised,disgust,False
2026-06-06 20:23:04,noise,sad,sad,True
2026-06-06 20:23:04,noise,sad,happy,False
2026-06-06 20:23:04,noise,disgust,neutral,False
2026-06-06 20:23:04,noise,surprised,disgust,False
2026-06-06 20:23:04,noise,disgust,fearful,False
2026-06-06 20:23:04,noise,neutral,sad,False
2026-06-06 20:23:04,noise,surprised,surprised,True
2026-06-06 20:23:04,noise,sad,happy,False
2026-06-06 20:23:04,noise,calm,fearful,False
2026-06-06 20:23:04,noise,angry,fearful,False
2026-06-06 20:23:04,noise,happy,fearful,False
2026-06-06 20:23:04,noise,disgust,happy,False
2026-06-06 20:23:04,noise,calm,disgust,False
2026-06-06 20:23:04,noise,surprised,neutral,False
2026-06-06 20:23:04,noise,fearful,calm,False
2026-06-06 20:23:04,noise,calm,disgust,False
2026-06-06 20:23:04,noise,angry,disgust,False
2026-06-06 20:23:04,noise,disgust,happy,False
2026-06-06 20:23:04,noise,neutral,surprised,False
2026-06-06 20:23:04,noise,happy,surprised,False
2026-06-06 20:23:04,noise,calm,sad,False
2026-06-06 20:23:04,noise,angry,sad,False
2026-06-06 20:23:04,noise,sad,surprised,False
2026-06-06 20:23:04,noise,happy,happy,True
2026-06-06 20:23:04,noise,disgust,surprised,False
2026-06-06 20:23:04,noise,fearful,fearful,True
2026-06-06 20:23:04,noise,calm,surprised,False
2026-06-06 20:23:04,noise,calm,sad,False
2026-06-06 20:23:04,noise,angry,surprised,False
2026-06-06 20:23:04,noise,surprised,disgust,False
2026-06-06 20:23:04,noise,sad,disgust,False
2026-06-06 20:23:04,noise,surprised,surprised,True
2026-06-06 20:23:04,noise,calm,disgust,False
2026-06-06 20:23:04,noise,surprised,disgust,False
2026-06-06 20:23:04,noise,sad,disgust,False
2026-06-06 20:23:04,noise,angry,sad,False
2026-06-06 20:23:04,noise,sad,happy,False
2026-06-06 20:23:04,noise,happy,happy,True
2026-06-06 20:23:04,noise,sad,disgust,False
2026-06-06 20:23:04,noise,neutral,surprised,False
2026-06-06 20:23:04,noise,angry,sad,False
2026-06-06 20:23:04,noise,sad,sad,True
2026-06-06 20:23:04,noise,sad,fearful,False
2026-06-06 20:23:04,noise,happy,surprised,False
2026-06-06 20:23:04,noise,fearful,disgust,False
2026-06-06 20:23:04,noise,surprised,fearful,False
2026-06-06 20:23:04,noise,calm,surprised,False
2026-06-06 20:23:04,noise,angry,sad,False
2026-06-06 20:23:04,noise,neutral,disgust,False
2026-06-06 20:23:04,noise,disgust,fearful,False
2026-06-06 20:23:04,noise,fearful,surprised,False
2026-06-06 20:23:04,noise,disgust,surprised,False
2026-06-06 20:23:04,noise,sad,surprised,False
2026-06-06 20:23:04,noise,calm,fearful,False
2026-06-06 20:23:04,noise,sad,surprised,False
2026-06-06 20:23:04,noise,fearful,sad,False
2026-06-06 20:23:04,noise,disgust,surprised,False
2026-06-06 20:23:04,noise,angry,surprised,False
2026-06-06 20:23:04,noise,calm,sad,False
2026-06-06 20:23:04,noise,fearful,fearful,True
2026-06-06 20:23:04,noise,fearful,disgust,False
2026-06-06 20:23:04,noise,surprised,happy,False
2026-06-06 20:23:04,noise,angry,fearful,False
2026-06-06 20:23:04,noise,disgust,fearful,False
2026-06-06 20:23:04,noise,surprised,surprised,True
2026-06-06 20:23:04,noise,angry,fearful,False
2026-06-06 20:23:04,noise,angry,sad,False
2026-06-06 20:23:04,noise,sad,sad,True
2026-06-06 20:23:04,noise,happy,surprised,False
2026-06-06 20:23:04,noise,neutral,disgust,False
2026-06-06 20:23:04,noise,surprised,sad,False
2026-06-06 20:23:05,noise,angry,surprised,False
2026-06-06 20:23:05,noise,happy,sad,False
2026-06-06 20:23:05,noise,surprised,fearful,False
2026-06-06 20:23:05,noise,angry,surprised,False
2026-06-06 20:23:05,noise,disgust,fearful,False
2026-06-06 20:23:05,noise,angry,fearful,False
2026-06-06 20:23:05,noise,happy,surprised,False
2026-06-06 20:23:05,noise,disgust,sad,False
2026-06-06 20:23:05,noise,happy,happy,True
2026-06-06 20:23:05,noise,happy,surprised,False
2026-06-06 20:23:05,noise,calm,fearful,False
2026-06-06 20:23:05,noise,fearful,surprised,False
2026-06-06 20:23:05,noise,fearful,sad,False
2026-06-06 20:23:05,noise,happy,surprised,False
2026-06-06 20:23:05,noise,neutral,disgust,False
2026-06-06 20:23:05,noise,surprised,disgust,False
2026-06-06 20:23:05,noise,calm,calm,True
2026-06-06 20:23:05,noise,surprised,sad,False
2026-06-06 20:23:05,noise,neutral,fearful,False
2026-06-06 20:23:05,noise,happy,happy,True
2026-06-06 20:23:05,noise,angry,surprised,False
2026-06-06 20:23:05,noise,fearful,sad,False
2026-06-06 20:23:05,noise,fearful,sad,False
2026-06-06 20:23:05,noise,fearful,sad,False
2026-06-06 20:23:05,noise,calm,fearful,False
2026-06-06 20:23:05,noise,angry,disgust,False
2026-06-06 20:23:05,noise,happy,angry,False
2026-06-06 20:23:05,noise,disgust,happy,False
2026-06-06 20:23:05,noise,angry,calm,False
2026-06-06 20:23:05,noise,surprised,disgust,False
2026-06-06 20:23:05,noise,disgust,surprised,False
2026-06-06 20:23:05,noise,surprised,disgust,False
2026-06-06 20:23:05,noise,disgust,happy,False
2026-06-06 20:23:05,noise,surprised,fearful,False
2026-06-06 20:23:05,noise,sad,neutral,False
2026-06-06 20:23:05,noise,angry,angry,True
2026-06-06 20:23:05,noise,fearful,neutral,False
2026-06-06 20:23:05,noise,calm,happy,False
2026-06-06 20:23:05,noise,surprised,disgust,False
2026-06-06 20:23:05,noise,sad,surprised,False
2026-06-06 20:23:05,noise,sad,surprised,False
2026-06-06 20:23:05,noise,angry,angry,True
2026-06-06 20:23:05,noise,angry,sad,False
2026-06-06 20:23:05,noise,calm,disgust,False
2026-06-06 20:23:05,noise,happy,disgust,False
2026-06-06 20:23:05,noise,calm,happy,False
2026-06-06 20:23:05,noise,sad,calm,False
2026-06-06 20:23:05,noise,sad,happy,False
2026-06-06 20:23:05,noise,angry,fearful,False
2026-06-06 20:23:05,noise,angry,disgust,False
2026-06-06 20:23:05,noise,calm,sad,False
2026-06-06 20:23:05,noise,surprised,fearful,False
2026-06-06 20:23:05,noise,calm,calm,True
2026-06-06 20:23:05,noise,happy,surprised,False
2026-06-06 20:23:05,noise,calm,fearful,False
2026-06-06 20:23:05,noise,angry,surprised,False
2026-06-06 20:23:05,noise,sad,disgust,False
2026-06-06 20:23:05,noise,calm,angry,False
2026-06-06 20:23:05,noise,sad,disgust,False
2026-06-06 20:23:05,noise,angry,sad,False
2026-06-06 20:23:05,noise,disgust,surprised,False
2026-06-06 20:23:05,noise,neutral,happy,False
2026-06-06 20:23:05,noise,fearful,neutral,False
2026-06-06 20:23:05,noise,fearful,fearful,True
2026-06-06 20:23:05,noise,sad,fearful,False
2026-06-06 20:23:05,noise,disgust,happy,False
2026-06-06 20:23:05,noise,happy,sad,False
2026-06-06 20:23:05,noise,disgust,fearful,False
2026-06-06 20:23:05,noise,fearful,neutral,False
2026-06-06 20:23:05,noise,calm,disgust,False
2026-06-06 20:23:05,noise,happy,disgust,False
2026-06-06 20:23:05,noise,calm,happy,False
2026-06-06 20:23:05,noise,happy,surprised,False
2026-06-06 20:23:05,noise,neutral,fearful,False
2026-06-06 20:23:05,noise,disgust,neutral,False
2026-06-06 20:23:05,noise,surprised,happy,False
2026-06-06 20:23:05,noise,disgust,surprised,False
2026-06-06 20:23:05,noise,fearful,sad,False
2026-06-06 20:23:05,noise,fearful,happy,False
2026-06-06 20:23:05,noise,fearful,surprised,False
2026-06-06 20:46:57,baseline,calm,calm,True
2026-06-06 20:46:57,baseline,fearful,fearful,True
2026-06-06 20:46:57,baseline,sad,sad,True
2026-06-06 20:46:57,baseline,calm,calm,True
2026-06-06 20:46:57,baseline,surprised,surprised,True
2026-06-06 20:46:57,baseline,sad,calm,False
2026-06-06 20:46:57,baseline,fearful,fearful,True
2026-06-06 20:46:57,baseline,disgust,calm,False
2026-06-06 20:46:57,baseline,sad,sad,True
2026-06-06 20:46:57,baseline,happy,fearful,False
2026-06-06 20:46:57,baseline,fearful,calm,False
2026-06-06 20:46:57,baseline,happy,happy,True
2026-06-06 20:46:57,baseline,angry,angry,True
2026-06-06 20:46:57,baseline,calm,calm,True
2026-06-06 20:46:57,baseline,fearful,fearful,True
2026-06-06 20:46:57,baseline,neutral,disgust,False
2026-06-06 20:46:57,baseline,neutral,sad,False
2026-06-06 20:46:57,baseline,surprised,surprised,True
2026-06-06 20:46:57,baseline,angry,sad,False
2026-06-06 20:46:57,baseline,calm,disgust,False
2026-06-06 20:46:57,baseline,angry,angry,True
2026-06-06 20:46:57,baseline,disgust,disgust,True
2026-06-06 20:46:57,baseline,fearful,fearful,True
2026-06-06 20:46:57,baseline,happy,happy,True
2026-06-06 20:46:57,baseline,fearful,fearful,True
2026-06-06 20:46:57,baseline,neutral,calm,False
2026-06-06 20:46:57,baseline,fearful,surprised,False
2026-06-06 20:46:57,baseline,calm,calm,True
2026-06-06 20:46:57,baseline,calm,calm,True
2026-06-06 20:46:57,baseline,fearful,fearful,True
2026-06-06 20:46:57,baseline,angry,surprised,False
2026-06-06 20:46:57,baseline,sad,sad,True
2026-06-06 20:46:57,baseline,calm,calm,True
2026-06-06 20:46:57,baseline,sad,sad,True
2026-06-06 20:46:57,baseline,disgust,neutral,False
2026-06-06 20:46:57,baseline,surprised,surprised,True
2026-06-06 20:46:57,baseline,sad,happy,False
2026-06-06 20:46:57,baseline,sad,sad,True
2026-06-06 20:46:57,baseline,happy,happy,True
2026-06-06 20:46:57,baseline,angry,surprised,False
2026-06-06 20:46:57,baseline,fearful,disgust,False
2026-06-06 20:46:57,baseline,fearful,fearful,True
2026-06-06 20:46:57,baseline,angry,angry,True
2026-06-06 20:46:57,baseline,happy,fearful,False
2026-06-06 20:46:57,baseline,angry,angry,True
2026-06-06 20:46:57,baseline,surprised,surprised,True
2026-06-06 20:46:57,baseline,calm,calm,True
2026-06-06 20:46:57,baseline,calm,calm,True
2026-06-06 20:46:57,baseline,sad,happy,False
2026-06-06 20:46:57,baseline,angry,surprised,False
2026-06-06 20:57:27,noise,surprised,sad,False
2026-06-06 20:57:27,noise,surprised,calm,False
2026-06-06 20:57:27,noise,sad,disgust,False
2026-06-06 20:57:27,noise,calm,disgust,False
2026-06-06 20:57:27,noise,calm,happy,False
2026-06-06 20:57:27,noise,happy,fearful,False
2026-06-06 20:57:27,noise,neutral,sad,False
2026-06-06 20:57:27,noise,surprised,happy,False
2026-06-06 20:57:27,noise,angry,surprised,False
2026-06-06 20:57:27,noise,angry,surprised,False
2026-06-06 20:57:27,noise,sad,sad,True
2026-06-06 20:57:27,noise,calm,disgust,False
2026-06-06 20:57:27,noise,fearful,angry,False
2026-06-06 20:57:27,noise,disgust,disgust,True
2026-06-06 20:57:27,noise,fearful,disgust,False
2026-06-06 20:57:27,noise,disgust,fearful,False
2026-06-06 20:57:27,noise,sad,fearful,False
2026-06-06 20:57:27,noise,surprised,disgust,False
2026-06-06 20:57:27,noise,calm,surprised,False
2026-06-06 20:57:27,noise,sad,sad,True
2026-06-06 20:57:27,noise,disgust,angry,False
2026-06-06 20:57:27,noise,sad,fearful,False
2026-06-06 20:57:27,noise,sad,fearful,False
2026-06-06 20:57:27,noise,sad,surprised,False
2026-06-06 20:57:27,noise,calm,sad,False
2026-06-06 20:57:27,noise,angry,sad,False
2026-06-06 20:57:27,noise,surprised,fearful,False
2026-06-06 20:57:27,noise,fearful,happy,False
2026-06-06 20:57:27,noise,disgust,surprised,False
2026-06-06 20:57:27,noise,angry,fearful,False
2026-06-06 20:57:27,noise,surprised,sad,False
2026-06-06 20:57:27,noise,surprised,fearful,False
2026-06-06 20:57:27,noise,fearful,surprised,False
2026-06-06 20:57:27,noise,fearful,fearful,True
2026-06-06 20:57:27,noise,fearful,neutral,False
2026-06-06 20:57:27,noise,disgust,sad,False
2026-06-06 20:57:27,noise,surprised,disgust,False
2026-06-06 20:57:27,noise,angry,disgust,False
2026-06-06 20:57:27,noise,surprised,calm,False
2026-06-06 20:57:27,noise,surprised,fearful,False
2026-06-06 20:57:27,noise,surprised,sad,False
2026-06-06 20:57:27,noise,happy,sad,False
2026-06-06 20:57:27,noise,disgust,disgust,True
2026-06-06 20:57:27,noise,angry,fearful,False
2026-06-06 20:57:27,noise,disgust,sad,False
2026-06-06 20:57:27,noise,surprised,sad,False
2026-06-06 20:57:27,noise,sad,sad,True
2026-06-06 20:57:27,noise,sad,sad,True
2026-06-06 20:57:27,noise,fearful,disgust,False
2026-06-06 20:57:27,noise,happy,fearful,False
2026-06-06 21:01:34,gradual,disgust,sad,False
2026-06-06 21:01:34,gradual,angry,fearful,False
2026-06-06 21:01:34,gradual,angry,happy,False
2026-06-06 21:01:34,gradual,neutral,fearful,False
2026-06-06 21:01:34,gradual,happy,sad,False
2026-06-06 21:01:34,gradual,happy,disgust,False
2026-06-06 21:01:34,gradual,angry,disgust,False
2026-06-06 21:01:34,gradual,surprised,sad,False
2026-06-06 21:01:34,gradual,happy,surprised,False
2026-06-06 21:01:34,gradual,calm,fearful,False
2026-06-06 21:01:34,gradual,fearful,surprised,False
2026-06-06 21:01:34,gradual,fearful,happy,False
2026-06-06 21:01:34,gradual,calm,fearful,False
2026-06-06 21:01:34,gradual,fearful,disgust,False
2026-06-06 21:01:34,gradual,neutral,surprised,False
2026-06-06 21:01:34,gradual,sad,surprised,False
2026-06-06 21:01:34,gradual,surprised,surprised,True
2026-06-06 21:01:34,gradual,calm,sad,False
2026-06-06 21:01:34,gradual,sad,happy,False
2026-06-06 21:01:34,gradual,calm,happy,False
2026-06-06 21:01:34,gradual,angry,fearful,False
2026-06-06 21:01:34,gradual,sad,angry,False
2026-06-06 21:01:34,gradual,angry,fearful,False
2026-06-06 21:01:34,gradual,happy,fearful,False
2026-06-06 21:01:34,gradual,neutral,happy,False
2026-06-06 21:01:34,gradual,calm,disgust,False
2026-06-06 21:01:34,gradual,neutral,fearful,False
2026-06-06 21:01:34,gradual,happy,sad,False
2026-06-06 21:01:34,gradual,fearful,fearful,True
2026-06-06 21:01:34,gradual,fearful,happy,False
2026-06-06 21:01:34,gradual,sad,disgust,False
2026-06-06 21:01:34,gradual,fearful,happy,False
2026-06-06 21:01:34,gradual,angry,disgust,False
2026-06-06 21:01:34,gradual,surprised,fearful,False
2026-06-06 21:01:34,gradual,calm,surprised,False
2026-06-06 21:01:34,gradual,sad,surprised,False
2026-06-06 21:01:34,gradual,fearful,fearful,True
2026-06-06 21:01:34,gradual,fearful,surprised,False
2026-06-06 21:01:34,gradual,sad,fearful,False
2026-06-06 21:01:34,gradual,fearful,disgust,False
2026-06-06 21:01:34,gradual,angry,disgust,False
2026-06-06 21:01:34,gradual,calm,disgust,False
2026-06-06 21:01:34,gradual,angry,sad,False
2026-06-06 21:01:34,gradual,disgust,sad,False
2026-06-06 21:01:34,gradual,angry,fearful,False
2026-06-06 21:01:34,gradual,surprised,disgust,False
2026-06-06 21:01:34,gradual,neutral,fearful,False
2026-06-06 21:01:34,gradual,neutral,disgust,False
2026-06-06 21:01:34,gradual,happy,surprised,False
2026-06-06 21:01:34,gradual,sad,disgust,False
2026-06-06 21:01:51,noise,disgust,disgust,True
2026-06-06 21:01:51,noise,surprised,calm,False
2026-06-06 21:01:51,noise,disgust,angry,False
2026-06-06 21:01:51,noise,fearful,neutral,False
2026-06-06 21:01:51,noise,sad,fearful,False
2026-06-06 21:01:51,noise,happy,surprised,False
2026-06-06 21:01:51,noise,sad,fearful,False
2026-06-06 21:01:51,noise,fearful,disgust,False
2026-06-06 21:01:51,noise,happy,happy,True
2026-06-06 21:01:51,noise,disgust,surprised,False
2026-06-06 21:01:51,noise,disgust,sad,False
2026-06-06 21:01:51,noise,happy,angry,False
2026-06-06 21:01:51,noise,sad,surprised,False
2026-06-06 21:01:51,noise,calm,sad,False
2026-06-06 21:01:51,noise,calm,happy,False
2026-06-06 21:01:51,noise,happy,fearful,False
2026-06-06 21:01:51,noise,happy,fearful,False
2026-06-06 21:01:51,noise,surprised,surprised,True
2026-06-06 21:01:51,noise,sad,surprised,False
2026-06-06 21:01:51,noise,happy,sad,False
2026-06-06 21:01:51,noise,sad,happy,False
2026-06-06 21:01:51,noise,fearful,happy,False
2026-06-06 21:01:51,noise,neutral,sad,False
2026-06-06 21:01:51,noise,neutral,happy,False
2026-06-06 21:01:51,noise,sad,happy,False
2026-06-06 21:01:51,noise,calm,neutral,False
2026-06-06 21:01:51,noise,fearful,surprised,False
2026-06-06 21:01:51,noise,disgust,surprised,False
2026-06-06 21:01:51,noise,happy,calm,False
2026-06-06 21:01:51,noise,angry,surprised,False
2026-06-06 21:01:51,noise,sad,surprised,False
2026-06-06 21:01:51,noise,fearful,sad,False
2026-06-06 21:01:51,noise,calm,disgust,False
2026-06-06 21:01:51,noise,sad,happy,False
2026-06-06 21:01:51,noise,calm,disgust,False
2026-06-06 21:01:51,noise,fearful,surprised,False
2026-06-06 21:01:51,noise,disgust,sad,False
2026-06-06 21:01:51,noise,sad,surprised,False
2026-06-06 21:01:51,noise,fearful,happy,False
2026-06-06 21:01:51,noise,calm,surprised,False
2026-06-06 21:01:51,noise,calm,fearful,False
2026-06-06 21:01:51,noise,surprised,surprised,True
2026-06-06 21:01:51,noise,calm,fearful,False
2026-06-06 21:01:51,noise,fearful,surprised,False
2026-06-06 21:01:51,noise,fearful,happy,False
2026-06-06 21:01:51,noise,angry,fearful,False
2026-06-06 21:01:51,noise,calm,happy,False
2026-06-06 21:01:51,noise,fearful,neutral,False
2026-06-06 21:01:51,noise,neutral,surprised,False
2026-06-06 21:01:51,noise,disgust,happy,False
2026-06-06 21:01:54,gradual,fearful,fearful,True
2026-06-06 21:01:54,gradual,fearful,surprised,False
2026-06-06 21:01:54,gradual,surprised,disgust,False
2026-06-06 21:01:54,gradual,happy,surprised,False
2026-06-06 21:01:54,gradual,calm,surprised,False
2026-06-06 21:01:54,gradual,angry,fearful,False
2026-06-06 21:01:54,gradual,disgust,surprised,False
2026-06-06 21:01:54,gradual,happy,surprised,False
2026-06-06 21:01:54,gradual,calm,sad,False
2026-06-06 21:01:54,gradual,angry,disgust,False
2026-06-06 21:01:54,gradual,angry,fearful,False
2026-06-06 21:01:54,gradual,angry,neutral,False
2026-06-06 21:01:54,gradual,angry,sad,False
2026-06-06 21:01:54,gradual,angry,fearful,False
2026-06-06 21:01:54,gradual,calm,sad,False
2026-06-06 21:01:54,gradual,happy,fearful,False
2026-06-06 21:01:54,gradual,neutral,surprised,False
2026-06-06 21:01:54,gradual,surprised,happy,False
2026-06-06 21:01:54,gradual,disgust,happy,False
2026-06-06 21:01:54,gradual,happy,happy,True
2026-06-06 21:01:54,gradual,fearful,disgust,False
2026-06-06 21:01:54,gradual,fearful,happy,False
2026-06-06 21:01:54,gradual,happy,sad,False
2026-06-06 21:01:54,gradual,calm,fearful,False
2026-06-06 21:01:54,gradual,sad,disgust,False
2026-06-06 21:01:54,gradual,surprised,fearful,False
2026-06-06 21:01:54,gradual,sad,surprised,False
2026-06-06 21:01:54,gradual,disgust,fearful,False
2026-06-06 21:01:54,gradual,calm,neutral,False
2026-06-06 21:01:54,gradual,fearful,fearful,True
2026-06-06 21:01:54,gradual,angry,disgust,False
2026-06-06 21:01:54,gradual,sad,fearful,False
2026-06-06 21:01:54,gradual,happy,surprised,False
2026-06-06 21:01:54,gradual,sad,neutral,False
2026-06-06 21:01:54,gradual,fearful,fearful,True
2026-06-06 21:01:54,gradual,surprised,happy,False
2026-06-06 21:01:54,gradual,surprised,surprised,True
2026-06-06 21:01:54,gradual,angry,happy,False
2026-06-06 21:01:54,gradual,calm,disgust,False
2026-06-06 21:01:54,gradual,neutral,surprised,False
2026-06-06 21:01:54,gradual,fearful,surprised,False
2026-06-06 21:01:54,gradual,sad,happy,False
2026-06-06 21:01:54,gradual,happy,sad,False
2026-06-06 21:01:54,gradual,happy,happy,True
2026-06-06 21:01:54,gradual,happy,disgust,False
2026-06-06 21:01:54,gradual,surprised,sad,False
2026-06-06 21:01:54,gradual,neutral,happy,False
2026-06-06 21:01:54,gradual,happy,fearful,False
2026-06-06 21:01:54,gradual,disgust,surprised,False
2026-06-06 21:01:54,gradual,sad,fearful,False
2026-06-06 21:02:14,gradual,surprised,surprised,True
2026-06-06 21:02:14,gradual,happy,fearful,False
2026-06-06 21:02:14,gradual,angry,happy,False
2026-06-06 21:02:14,gradual,sad,sad,True
2026-06-06 21:02:14,gradual,surprised,disgust,False
2026-06-06 21:02:14,gradual,calm,disgust,False
2026-06-06 21:02:14,gradual,sad,surprised,False
2026-06-06 21:02:14,gradual,surprised,surprised,True
2026-06-06 21:02:14,gradual,happy,fearful,False
2026-06-06 21:02:14,gradual,neutral,fearful,False
2026-06-06 21:02:14,gradual,sad,surprised,False
2026-06-06 21:02:14,gradual,disgust,sad,False
2026-06-06 21:02:14,gradual,sad,happy,False
2026-06-06 21:02:14,gradual,happy,angry,False
2026-06-06 21:02:14,gradual,calm,surprised,False
2026-06-06 21:02:14,gradual,happy,surprised,False
2026-06-06 21:02:14,gradual,surprised,happy,False
2026-06-06 21:02:14,gradual,calm,sad,False
2026-06-06 21:02:14,gradual,surprised,happy,False
2026-06-06 21:02:14,gradual,sad,disgust,False
2026-06-06 21:02:14,gradual,disgust,sad,False
2026-06-06 21:02:14,gradual,angry,neutral,False
2026-06-06 21:02:14,gradual,fearful,sad,False
2026-06-06 21:02:14,gradual,calm,surprised,False
2026-06-06 21:02:14,gradual,disgust,happy,False
2026-06-06 21:02:14,gradual,happy,fearful,False
2026-06-06 21:02:14,gradual,sad,surprised,False
2026-06-06 21:02:14,gradual,neutral,disgust,False
2026-06-06 21:02:14,gradual,angry,neutral,False
2026-06-06 21:02:14,gradual,sad,surprised,False
2026-06-06 21:02:14,gradual,surprised,disgust,False
2026-06-06 21:02:14,gradual,neutral,disgust,False
2026-06-06 21:02:14,gradual,surprised,angry,False
2026-06-06 21:02:14,gradual,angry,sad,False
2026-06-06 21:02:14,gradual,surprised,neutral,False
2026-06-06 21:02:14,gradual,angry,disgust,False
2026-06-06 21:02:14,gradual,calm,sad,False
2026-06-06 21:02:14,gradual,sad,fearful,False
2026-06-06 21:02:14,gradual,disgust,surprised,False
2026-06-06 21:02:14,gradual,surprised,sad,False
2026-06-06 21:02:14,gradual,disgust,disgust,True
2026-06-06 21:02:14,gradual,angry,sad,False
2026-06-06 21:02:14,gradual,sad,sad,True
2026-06-06 21:02:14,gradual,fearful,sad,False
2026-06-06 21:02:14,gradual,surprised,surprised,True
2026-06-06 21:02:14,gradual,surprised,surprised,True
2026-06-06 21:02:14,gradual,surprised,disgust,False
2026-06-06 21:02:14,gradual,angry,disgust,False
2026-06-06 21:02:14,gradual,happy,disgust,False
2026-06-06 21:02:14,gradual,sad,sad,True
2026-06-06 21:02:35,gradual,sad,happy,False
2026-06-06 21:02:35,gradual,calm,surprised,False
2026-06-06 21:02:35,gradual,disgust,disgust,True
2026-06-06 21:02:35,gradual,fearful,neutral,False
2026-06-06 21:02:35,gradual,happy,fearful,False
2026-06-06 21:02:35,gradual,sad,surprised,False
2026-06-06 21:02:35,gradual,sad,sad,True
2026-06-06 21:02:35,gradual,sad,fearful,False
2026-06-06 21:02:35,gradual,angry,sad,False
2026-06-06 21:02:35,gradual,disgust,surprised,False
2026-06-06 21:02:35,gradual,disgust,happy,False
2026-06-06 21:02:35,gradual,disgust,angry,False
2026-06-06 21:02:35,gradual,surprised,surprised,True
2026-06-06 21:02:35,gradual,sad,happy,False
2026-06-06 21:02:35,gradual,fearful,fearful,True
2026-06-06 21:02:35,gradual,fearful,happy,False
2026-06-06 21:02:35,gradual,calm,disgust,False
2026-06-06 21:02:35,gradual,surprised,surprised,True
2026-06-06 21:02:35,gradual,fearful,disgust,False
2026-06-06 21:02:35,gradual,sad,surprised,False
2026-06-06 21:02:35,gradual,sad,surprised,False
2026-06-06 21:02:35,gradual,surprised,surprised,True
2026-06-06 21:02:35,gradual,sad,happy,False
2026-06-06 21:02:35,gradual,fearful,fearful,True
2026-06-06 21:02:35,gradual,disgust,sad,False
2026-06-06 21:02:35,gradual,disgust,disgust,True
2026-06-06 21:02:35,gradual,angry,disgust,False
2026-06-06 21:02:35,gradual,sad,neutral,False
2026-06-06 21:02:35,gradual,happy,surprised,False
2026-06-06 21:02:35,gradual,disgust,sad,False
2026-06-06 21:02:35,gradual,sad,sad,True
2026-06-06 21:02:35,gradual,fearful,sad,False
2026-06-06 21:02:35,gradual,disgust,disgust,True
2026-06-06 21:02:35,gradual,calm,angry,False
2026-06-06 21:02:35,gradual,disgust,angry,False
2026-06-06 21:02:35,gradual,surprised,fearful,False
2026-06-06 21:02:35,gradual,disgust,fearful,False
2026-06-06 21:02:35,gradual,neutral,angry,False
2026-06-06 21:02:35,gradual,happy,sad,False
2026-06-06 21:02:35,gradual,surprised,happy,False
2026-06-06 21:02:35,gradual,happy,disgust,False
2026-06-06 21:02:35,gradual,fearful,happy,False
2026-06-06 21:02:35,gradual,happy,calm,False
2026-06-06 21:02:35,gradual,sad,sad,True
2026-06-06 21:02:35,gradual,fearful,surprised,False
2026-06-06 21:02:35,gradual,fearful,calm,False
2026-06-06 21:02:35,gradual,fearful,sad,False
2026-06-06 21:02:35,gradual,calm,fearful,False
2026-06-06 21:02:35,gradual,calm,sad,False
2026-06-06 21:02:35,gradual,fearful,happy,False
2026-06-06 21:02:55,gradual,surprised,happy,False
2026-06-06 21:02:55,gradual,fearful,fearful,True
2026-06-06 21:02:55,gradual,disgust,surprised,False
2026-06-06 21:02:55,gradual,happy,disgust,False
2026-06-06 21:02:55,gradual,sad,happy,False
2026-06-06 21:02:55,gradual,calm,fearful,False
2026-06-06 21:02:55,gradual,fearful,surprised,False
2026-06-06 21:02:55,gradual,sad,sad,True
2026-06-06 21:02:55,gradual,sad,happy,False
2026-06-06 21:02:55,gradual,disgust,sad,False
2026-06-06 21:02:55,gradual,disgust,sad,False
2026-06-06 21:02:55,gradual,disgust,disgust,True
2026-06-06 21:02:55,gradual,neutral,fearful,False
2026-06-06 21:02:55,gradual,neutral,surprised,False
2026-06-06 21:02:55,gradual,neutral,surprised,False
2026-06-06 21:02:55,gradual,happy,calm,False
2026-06-06 21:02:55,gradual,happy,disgust,False
2026-06-06 21:02:55,gradual,disgust,fearful,False
2026-06-06 21:02:55,gradual,surprised,disgust,False
2026-06-06 21:02:55,gradual,calm,disgust,False
2026-06-06 21:02:55,gradual,disgust,sad,False
2026-06-06 21:02:55,gradual,angry,sad,False
2026-06-06 21:02:55,gradual,disgust,calm,False
2026-06-06 21:02:55,gradual,calm,fearful,False
2026-06-06 21:02:55,gradual,disgust,surprised,False
2026-06-06 21:02:55,gradual,disgust,sad,False
2026-06-06 21:02:55,gradual,sad,sad,True
2026-06-06 21:02:55,gradual,happy,happy,True
2026-06-06 21:02:55,gradual,happy,happy,True
2026-06-06 21:02:55,gradual,happy,surprised,False
2026-06-06 21:02:55,gradual,disgust,surprised,False
2026-06-06 21:02:55,gradual,calm,sad,False
2026-06-06 21:02:55,gradual,calm,surprised,False
2026-06-06 21:02:55,gradual,happy,sad,False
2026-06-06 21:02:55,gradual,angry,fearful,False
2026-06-06 21:02:55,gradual,angry,fearful,False
2026-06-06 21:02:55,gradual,surprised,surprised,True
2026-06-06 21:02:55,gradual,angry,surprised,False
2026-06-06 21:02:55,gradual,surprised,disgust,False
2026-06-06 21:02:55,gradual,angry,sad,False
2026-06-06 21:02:55,gradual,disgust,happy,False
2026-06-06 21:02:55,gradual,fearful,surprised,False
2026-06-06 21:02:55,gradual,angry,surprised,False
2026-06-06 21:02:55,gradual,disgust,fearful,False
2026-06-06 21:02:55,gradual,angry,fearful,False
2026-06-06 21:02:55,gradual,calm,disgust,False
2026-06-06 21:02:55,gradual,surprised,fearful,False
2026-06-06 21:02:55,gradual,happy,angry,False
2026-06-06 21:02:55,gradual,sad,disgust,False
2026-06-06 21:02:55,gradual,angry,sad,False
2026-06-06 21:03:15,gradual,sad,happy,False
2026-06-06 21:03:15,gradual,surprised,fearful,False
2026-06-06 21:03:15,gradual,disgust,fearful,False
2026-06-06 21:03:15,gradual,sad,disgust,False
2026-06-06 21:03:15,gradual,surprised,happy,False
2026-06-06 21:03:15,gradual,disgust,happy,False
2026-06-06 21:03:15,gradual,angry,happy,False
2026-06-06 21:03:15,gradual,angry,fearful,False
2026-06-06 21:03:15,gradual,angry,disgust,False
2026-06-06 21:03:15,gradual,surprised,happy,False
2026-06-06 21:03:15,gradual,calm,surprised,False
2026-06-06 21:03:15,gradual,fearful,disgust,False
2026-06-06 21:03:15,gradual,fearful,fearful,True
2026-06-06 21:03:15,gradual,sad,disgust,False
2026-06-06 21:03:15,gradual,disgust,surprised,False
2026-06-06 21:03:15,gradual,angry,surprised,False
2026-06-06 21:03:15,gradual,sad,surprised,False
2026-06-06 21:03:15,gradual,angry,happy,False
2026-06-06 21:03:15,gradual,calm,happy,False
2026-06-06 21:03:15,gradual,surprised,disgust,False
2026-06-06 21:03:15,gradual,surprised,happy,False
2026-06-06 21:03:15,gradual,neutral,fearful,False
2026-06-06 21:03:15,gradual,sad,surprised,False
2026-06-06 21:03:15,gradual,calm,sad,False
2026-06-06 21:03:15,gradual,disgust,surprised,False
2026-06-06 21:03:15,gradual,calm,sad,False
2026-06-06 21:03:15,gradual,calm,surprised,False
2026-06-06 21:03:15,gradual,surprised,happy,False
2026-06-06 21:03:15,gradual,neutral,disgust,False
2026-06-06 21:03:15,gradual,calm,surprised,False
2026-06-06 21:03:15,gradual,angry,happy,False
2026-06-06 21:03:15,gradual,surprised,happy,False
2026-06-06 21:03:15,gradual,disgust,fearful,False
2026-06-06 21:03:15,gradual,sad,surprised,False
2026-06-06 21:03:15,gradual,calm,disgust,False
2026-06-06 21:03:15,gradual,calm,fearful,False
2026-06-06 21:03:15,gradual,happy,disgust,False
2026-06-06 21:03:15,gradual,happy,happy,True
2026-06-06 21:03:15,gradual,happy,disgust,False
2026-06-06 21:03:15,gradual,sad,surprised,False
2026-06-06 21:03:15,gradual,happy,surprised,False
2026-06-06 21:03:15,gradual,fearful,fearful,True
2026-06-06 21:03:15,gradual,disgust,fearful,False
2026-06-06 21:03:15,gradual,sad,fearful,False
2026-06-06 21:03:15,gradual,fearful,fearful,True
2026-06-06 21:03:15,gradual,angry,happy,False
2026-06-06 21:03:15,gradual,disgust,happy,False
2026-06-06 21:03:15,gradual,fearful,surprised,False
2026-06-06 21:03:15,gradual,disgust,disgust,True
2026-06-06 21:03:15,gradual,fearful,fearful,True
2026-06-06 21:03:36,gradual,happy,fearful,False
2026-06-06 21:03:36,gradual,surprised,surprised,True
2026-06-06 21:03:36,gradual,fearful,sad,False
2026-06-06 21:03:36,gradual,surprised,disgust,False
2026-06-06 21:03:36,gradual,disgust,sad,False
2026-06-06 21:03:36,gradual,calm,fearful,False
2026-06-06 21:03:36,gradual,calm,fearful,False
2026-06-06 21:03:36,gradual,neutral,happy,False
2026-06-06 21:03:36,gradual,disgust,angry,False
2026-06-06 21:03:36,gradual,neutral,happy,False
2026-06-06 21:03:36,gradual,sad,happy,False
2026-06-06 21:03:36,gradual,neutral,surprised,False
2026-06-06 21:03:36,gradual,disgust,sad,False
2026-06-06 21:03:36,gradual,happy,sad,False
2026-06-06 21:03:36,gradual,sad,fearful,False
2026-06-06 21:03:36,gradual,neutral,surprised,False
2026-06-06 21:03:36,gradual,fearful,fearful,True
2026-06-06 21:03:36,gradual,fearful,fearful,True
2026-06-06 21:03:36,gradual,surprised,happy,False
2026-06-06 21:03:36,gradual,sad,fearful,False
2026-06-06 21:03:36,gradual,fearful,surprised,False
2026-06-06 21:03:36,gradual,happy,angry,False
2026-06-06 21:03:36,gradual,sad,fearful,False
2026-06-06 21:03:36,gradual,sad,disgust,False
2026-06-06 21:03:36,gradual,surprised,angry,False
2026-06-06 21:03:36,gradual,disgust,angry,False
2026-06-06 21:03:36,gradual,happy,happy,True
2026-06-06 21:03:36,gradual,calm,surprised,False
2026-06-06 21:03:36,gradual,happy,fearful,False
2026-06-06 21:03:36,gradual,surprised,happy,False
2026-06-06 21:03:36,gradual,disgust,happy,False
2026-06-06 21:03:36,gradual,happy,fearful,False
2026-06-06 21:03:36,gradual,angry,surprised,False
2026-06-06 21:03:36,gradual,sad,fearful,False
2026-06-06 21:03:36,gradual,sad,disgust,False
2026-06-06 21:03:36,gradual,surprised,disgust,False
2026-06-06 21:03:36,gradual,surprised,surprised,True
2026-06-06 21:03:36,gradual,fearful,surprised,False
2026-06-06 21:03:36,gradual,happy,surprised,False
2026-06-06 21:03:36,gradual,calm,angry,False
2026-06-06 21:03:36,gradual,angry,surprised,False
2026-06-06 21:03:36,gradual,angry,angry,True
2026-06-06 21:03:36,gradual,sad,disgust,False
2026-06-06 21:03:36,gradual,disgust,surprised,False
2026-06-06 21:03:36,gradual,calm,happy,False
2026-06-06 21:03:36,gradual,neutral,sad,False
2026-06-06 21:03:36,gradual,fearful,fearful,True
2026-06-06 21:03:36,gradual,fearful,happy,False
2026-06-06 21:03:36,gradual,surprised,happy,False
2026-06-06 21:03:36,gradual,fearful,happy,False
